team,season,season_type,safety,interception,fumble,fumble_lost,fumble_forced,fumble_not_forced,fumble_out_of_bounds,solo_tackle,assist_tackle,tackle_with_assist,sack,qb_hit,def_touchdown,defensive_two_point_attempt,defensive_two_point_conv,defensive_extra_point_attempt,defensive_extra_point_conv,defense_snaps,rush_snaps,pass_snaps,win,loss,tie,win_pct,rush_pct,pass_pct
ARI,2012,REG,0.0,22.0,19.0,11.0,14.0,6.0,2.0,731.0,120.0,42.0,38.0,84.0,4,0.0,0.0,0.0,0.0,1043,488,535,5.0,11.0,0.0,0.312,0.47,0.51
ATL,2012,POST,0.0,1.0,2.0,2.0,2.0,0.0,0.0,74.0,21.0,0.0,3.0,5.0,0,0.0,0.0,0.0,0.0,117,57,60,14.0,4.0,0.0,0.778,0.49,0.51
ATL,2012,REG,0.0,20.0,16.0,11.0,15.0,1.0,2.0,702.0,112.0,25.0,29.0,69.0,2,0.0,0.0,0.0,0.0,992,407,581,14.0,4.0,0.0,0.778,0.41,0.59
BAL,2012,POST,0.0,6.0,6.0,4.0,5.0,1.0,0.0,190.0,55.0,18.0,9.0,25.0,1,0.0,0.0,0.0,0.0,317,127,187,14.0,6.0,0.0,0.7,0.4,0.59
BAL,2012,REG,0.0,13.0,22.0,10.0,8.0,14.0,3.0,678.0,219.0,143.0,37.0,83.0,2,0.0,0.0,0.0,0.0,1088,486,593,14.0,6.0,0.0,0.7,0.45,0.55
BUF,2012,REG,1.0,12.0,24.0,9.0,20.0,4.0,3.0,612.0,207.0,121.0,36.0,63.0,1,0.0,0.0,0.0,0.0,1044,461,569,6.0,10.0,0.0,0.375,0.44,0.55
CAR,2012,REG,1.0,11.0,22.0,15.0,19.0,3.0,0.0,658.0,188.0,23.0,39.0,63.0,3,0.0,0.0,0.0,0.0,1014,407,597,7.0,9.0,0.0,0.438,0.4,0.59
CHI,2012,REG,0.0,24.0,33.0,19.0,26.0,7.0,5.0,709.0,120.0,17.0,41.0,57.0,9,0.0,0.0,0.0,0.0,1023,378,633,10.0,6.0,0.0,0.625,0.37,0.62
CIN,2012,POST,0.0,1.0,1.0,0.0,0.0,1.0,0.0,60.0,9.0,1.0,0.0,2.0,1,0.0,0.0,0.0,0.0,77,37,36,10.0,7.0,0.0,0.588,0.48,0.47
CIN,2012,REG,0.0,14.0,25.0,15.0,17.0,8.0,0.0,655.0,226.0,50.0,51.0,89.0,3,0.0,0.0,0.0,0.0,1035,413,609,10.0,7.0,0.0,0.588,0.4,0.59
CLE,2012,REG,0.0,17.0,23.0,14.0,17.0,6.0,2.0,710.0,186.0,58.0,38.0,66.0,2,0.0,0.0,0.0,0.0,1096,442,633,5.0,11.0,0.0,0.312,0.4,0.58
DAL,2012,REG,0.0,7.0,16.0,8.0,14.0,3.0,1.0,625.0,197.0,51.0,34.0,73.0,3,0.0,0.0,0.0,0.0,987,434,544,8.0,8.0,0.0,0.5,0.44,0.55
DEN,2012,POST,0.0,0.0,1.0,1.0,0.0,1.0,0.0,52.0,7.0,0.0,1.0,2.0,0,0.0,0.0,0.0,0.0,74,39,35,13.0,4.0,0.0,0.765,0.53,0.47
DEN,2012,REG,2.0,16.0,25.0,8.0,20.0,5.0,0.0,665.0,146.0,31.0,52.0,93.0,6,0.0,0.0,0.0,0.0,1018,394,611,13.0,4.0,0.0,0.765,0.39,0.6
DET,2012,REG,1.0,11.0,25.0,8.0,12.0,13.0,1.0,684.0,141.0,44.0,34.0,96.0,0,0.0,0.0,0.0,0.0,1001,408,577,4.0,12.0,0.0,0.25,0.41,0.58
GB,2012,POST,0.0,2.0,3.0,2.0,1.0,2.0,0.0,78.0,28.0,22.0,4.0,8.0,1,0.0,0.0,0.0,0.0,137,70,64,12.0,6.0,0.0,0.667,0.51,0.47
GB,2012,REG,0.0,18.0,17.0,5.0,8.0,9.0,3.0,635.0,196.0,88.0,47.0,83.0,2,0.0,0.0,0.0,0.0,1036,414,615,12.0,6.0,0.0,0.667,0.4,0.59
HOU,2012,POST,0.0,1.0,1.0,0.0,0.0,1.0,1.0,65.0,24.0,2.0,3.0,9.0,0,0.0,0.0,0.0,0.0,113,38,73,13.0,5.0,0.0,0.722,0.34,0.65
HOU,2012,REG,1.0,15.0,23.0,14.0,18.0,5.0,1.0,667.0,132.0,41.0,44.0,106.0,3,0.0,0.0,0.0,0.0,1015,382,623,13.0,5.0,0.0,0.722,0.38,0.61
IND,2012,POST,0.0,0.0,2.0,2.0,2.0,0.0,0.0,29.0,12.0,12.0,1.0,2.0,0,0.0,0.0,0.0,0.0,56,29,24,11.0,6.0,0.0,0.647,0.52,0.43
IND,2012,REG,0.0,12.0,11.0,4.0,7.0,4.0,1.0,664.0,136.0,4.0,32.0,68.0,4,0.0,0.0,0.0,0.0,997,420,567,11.0,6.0,0.0,0.647,0.42,0.57
JAX,2012,REG,0.0,12.0,17.0,10.0,13.0,4.0,2.0,794.0,121.0,32.0,20.0,61.0,0,0.0,0.0,0.0,0.0,1101,527,553,2.0,14.0,0.0,0.125,0.48,0.5
KC,2012,REG,1.0,7.0,20.0,7.0,13.0,7.0,3.0,708.0,91.0,34.0,27.0,51.0,1,0.0,0.0,0.0,0.0,973,466,490,2.0,14.0,0.0,0.125,0.48,0.5
LA,2012,REG,1.0,17.0,19.0,3.0,13.0,6.0,6.0,770.0,107.0,29.0,52.0,84.0,5,0.0,0.0,0.0,0.0,1042,431,598,8.0,8.0,0.0,0.5,0.41,0.57
LAC,2012,REG,1.0,14.0,29.0,13.0,18.0,11.0,2.0,612.0,208.0,156.0,38.0,67.0,7,0.0,0.0,0.0,0.0,1015,401,604,7.0,9.0,0.0,0.438,0.4,0.6
LV,2012,REG,0.0,11.0,15.0,8.0,8.0,7.0,0.0,646.0,162.0,70.0,25.0,83.0,0,0.0,0.0,0.0,0.0,995,425,549,4.0,12.0,0.0,0.25,0.43,0.55
MIA,2012,REG,0.0,10.0,19.0,8.0,13.0,6.0,0.0,702.0,136.0,43.0,42.0,89.0,0,0.0,0.0,0.0,0.0,1075,419,644,7.0,9.0,0.0,0.438,0.39,0.6
MIN,2012,POST,0.0,0.0,1.0,1.0,0.0,1.0,0.0,43.0,16.0,10.0,3.0,5.0,0,0.0,0.0,0.0,0.0,67,31,36,10.0,7.0,0.0,0.588,0.46,0.54
MIN,2012,REG,0.0,10.0,19.0,12.0,14.0,6.0,3.0,710.0,156.0,35.0,44.0,87.0,3,0.0,0.0,0.0,0.0,1087,419,655,10.0,7.0,0.0,0.588,0.39,0.6
NE,2012,POST,0.0,1.0,3.0,0.0,2.0,1.0,2.0,90.0,25.0,0.0,3.0,8.0,0,0.0,0.0,0.0,0.0,147,56,91,13.0,5.0,0.0,0.722,0.38,0.62
NE,2012,REG,1.0,20.0,41.0,21.0,30.0,11.0,4.0,675.0,173.0,20.0,37.0,70.0,5,0.0,0.0,0.0,0.0,1046,410,627,13.0,5.0,0.0,0.722,0.39,0.6
NO,2012,REG,0.0,15.0,16.0,10.0,10.0,6.0,2.0,684.0,176.0,24.0,30.0,80.0,4,0.0,0.0,0.0,0.0,1089,444,628,7.0,9.0,0.0,0.438,0.41,0.58
NYG,2012,REG,0.0,21.0,22.0,11.0,14.0,8.0,2.0,621.0,248.0,189.0,33.0,63.0,2,0.0,0.0,0.0,0.0,1016,430,565,9.0,7.0,0.0,0.562,0.42,0.56
NYJ,2012,REG,1.0,11.0,18.0,14.0,14.0,4.0,0.0,652.0,147.0,24.0,30.0,64.0,3,0.0,0.0,0.0,0.0,1020,478,523,6.0,10.0,0.0,0.375,0.47,0.51
PHI,2012,REG,0.0,8.0,21.0,7.0,12.0,9.0,1.0,677.0,120.0,52.0,30.0,60.0,0,0.0,0.0,0.0,0.0,994,463,514,4.0,12.0,0.0,0.25,0.47,0.52
PIT,2012,REG,0.0,10.0,22.0,10.0,16.0,6.0,2.0,567.0,200.0,111.0,37.0,74.0,1,0.0,0.0,0.0,0.0,953,380,560,8.0,8.0,0.0,0.5,0.4,0.59
SEA,2012,POST,0.0,3.0,2.0,1.0,0.0,2.0,0.0,64.0,28.0,4.0,2.0,5.0,0,0.0,0.0,0.0,0.0,115,49,66,12.0,6.0,0.0,0.667,0.43,0.57
SEA,2012,REG,0.0,18.0,21.0,10.0,17.0,4.0,0.0,602.0,181.0,49.0,36.0,77.0,2,0.0,0.0,0.0,0.0,969,361,598,12.0,6.0,0.0,0.667,0.37,0.62
SF,2012,POST,1.0,2.0,4.0,2.0,3.0,1.0,0.0,134.0,24.0,16.0,4.0,14.0,0,0.0,0.0,0.0,0.0,192,74,118,13.0,6.0,0.0,0.684,0.39,0.61
SF,2012,REG,1.0,14.0,21.0,11.0,15.0,6.0,0.0,666.0,152.0,70.0,38.0,66.0,3,0.0,0.0,0.0,0.0,1014,393,602,13.0,6.0,0.0,0.684,0.39,0.59
TB,2012,REG,0.0,18.0,15.0,7.0,10.0,5.0,1.0,675.0,142.0,84.0,27.0,62.0,3,0.0,0.0,0.0,0.0,1034,368,651,7.0,9.0,0.0,0.438,0.36,0.63
TEN,2012,REG,1.0,19.0,16.0,5.0,14.0,3.0,2.0,697.0,196.0,66.0,39.0,83.0,5,0.0,0.0,0.0,0.0,1088,464,604,6.0,10.0,0.0,0.375,0.43,0.56
WAS,2012,POST,0.0,0.0,2.0,1.0,1.0,1.0,0.0,31.0,27.0,5.0,5.0,6.0,0,0.0,0.0,0.0,0.0,69,36,32,10.0,7.0,0.0,0.588,0.52,0.46
WAS,2012,REG,0.0,21.0,21.0,10.0,14.0,7.0,2.0,578.0,245.0,114.0,32.0,73.0,4,0.0,0.0,0.0,0.0,1038,358,670,10.0,7.0,0.0,0.588,0.34,0.65
ARI,2013,REG,2.0,20.0,22.0,10.0,12.0,10.0,1.0,750.0,73.0,27.0,47.0,112.0,5,0.0,0.0,0.0,0.0,1044,362,669,10.0,6.0,0.0,0.625,0.35,0.64
ATL,2013,REG,0.0,10.0,19.0,12.0,15.0,4.0,0.0,636.0,187.0,51.0,32.0,55.0,3,0.0,0.0,0.0,0.0,1005,445,548,4.0,12.0,0.0,0.25,0.44,0.55
BAL,2013,REG,0.0,16.0,19.0,6.0,14.0,5.0,2.0,624.0,206.0,43.0,40.0,81.0,1,0.0,0.0,0.0,0.0,1035,426,593,8.0,8.0,0.0,0.5,0.41,0.57
BUF,2013,REG,0.0,23.0,26.0,8.0,14.0,12.0,2.0,589.0,287.0,190.0,57.0,93.0,3,0.0,0.0,0.0,0.0,1090,456,619,6.0,10.0,0.0,0.375,0.42,0.57
CAR,2013,POST,0.0,0.0,1.0,0.0,0.0,1.0,0.0,30.0,19.0,0.0,1.0,6.0,0,0.0,0.0,0.0,0.0,65,34,31,12.0,5.0,0.0,0.706,0.52,0.48
CAR,2013,REG,0.0,20.0,18.0,12.0,11.0,7.0,0.0,632.0,164.0,35.0,60.0,100.0,4,0.0,0.0,0.0,0.0,977,340,624,12.0,5.0,0.0,0.706,0.35,0.64
CHI,2013,REG,0.0,19.0,25.0,9.0,20.0,5.0,2.0,711.0,126.0,27.0,31.0,46.0,6,0.0,0.0,0.0,0.0,1023,472,540,8.0,8.0,0.0,0.5,0.46,0.53
CIN,2013,POST,0.0,0.0,0.0,0.0,0.0,0.0,0.0,47.0,7.0,0.0,1.0,3.0,0,0.0,0.0,0.0,0.0,57,40,17,11.0,6.0,0.0,0.647,0.7,0.3
CIN,2013,REG,0.0,20.0,16.0,11.0,14.0,2.0,0.0,661.0,197.0,52.0,43.0,99.0,6,0.0,0.0,0.0,0.0,1043,380,654,11.0,6.0,0.0,0.647,0.36,0.63
CLE,2013,REG,0.0,14.0,12.0,8.0,7.0,5.0,0.0,660.0,200.0,23.0,40.0,80.0,4,0.0,0.0,0.0,0.0,1110,441,645,4.0,12.0,0.0,0.25,0.4,0.58
DAL,2013,REG,0.0,15.0,16.0,12.0,13.0,3.0,0.0,717.0,161.0,67.0,34.0,64.0,5,0.0,0.0,0.0,0.0,1097,425,656,8.0,8.0,0.0,0.5,0.39,0.6
DEN,2013,POST,0.0,0.0,0.0,0.0,0.0,0.0,0.0,99.0,27.0,23.0,6.0,8.0,0,0.0,0.0,0.0,0.0,161,63,97,15.0,4.0,0.0,0.789,0.39,0.6
DEN,2013,REG,0.0,17.0,31.0,14.0,16.0,15.0,1.0,687.0,149.0,53.0,41.0,88.0,2,0.0,0.0,0.0,0.0,1077,416,655,15.0,4.0,0.0,0.789,0.39,0.61
DET,2013,REG,2.0,15.0,19.0,7.0,10.0,9.0,1.0,632.0,128.0,27.0,33.0,86.0,2,0.0,0.0,0.0,0.0,991,362,610,7.0,9.0,0.0,0.438,0.37,0.62
GB,2013,POST,0.0,1.0,1.0,0.0,1.0,0.0,1.0,42.0,9.0,4.0,3.0,2.0,0,0.0,0.0,0.0,0.0,63,30,33,8.0,9.0,0.0,0.471,0.48,0.52
GB,2013,REG,0.0,11.0,18.0,12.0,16.0,2.0,0.0,653.0,192.0,89.0,44.0,62.0,2,0.0,0.0,0.0,0.0,1017,423,584,8.0,9.0,0.0,0.471,0.42,0.57
HOU,2013,REG,1.0,7.0,12.0,4.0,9.0,3.0,1.0,653.0,143.0,69.0,32.0,100.0,1,0.0,0.0,0.0,0.0,972,438,518,2.0,14.0,0.0,0.125,0.45,0.53
IND,2013,POST,1.0,0.0,3.0,1.0,2.0,1.0,0.0,83.0,36.0,0.0,4.0,9.0,0,0.0,0.0,0.0,0.0,153,77,75,12.0,6.0,0.0,0.667,0.5,0.49
IND,2013,REG,2.0,15.0,25.0,11.0,18.0,7.0,3.0,680.0,166.0,31.0,42.0,77.0,1,0.0,0.0,0.0,0.0,1027,441,576,12.0,6.0,0.0,0.667,0.43,0.56
JAX,2013,REG,3.0,11.0,24.0,10.0,15.0,9.0,5.0,749.0,110.0,12.0,31.0,76.0,2,0.0,0.0,0.0,0.0,1089,488,580,4.0,12.0,0.0,0.25,0.45,0.53
KC,2013,POST,0.0,3.0,2.0,1.0,2.0,0.0,0.0,35.0,7.0,0.0,1.0,4.0,0,0.0,0.0,0.0,0.0,65,16,46,11.0,6.0,0.0,0.647,0.25,0.71
KC,2013,REG,0.0,21.0,20.0,12.0,13.0,7.0,1.0,783.0,86.0,33.0,47.0,73.0,6,0.0,0.0,0.0,0.0,1068,421,638,11.0,6.0,0.0,0.647,0.39,0.6
LA,2013,REG,1.0,14.0,27.0,14.0,23.0,4.0,3.0,759.0,107.0,32.0,53.0,93.0,5,0.0,0.0,0.0,0.0,1016,430,575,7.0,9.0,0.0,0.438,0.42,0.57
LAC,2013,POST,0.0,3.0,4.0,3.0,2.0,2.0,0.0,98.0,19.0,2.0,3.0,7.0,0,0.0,0.0,0.0,0.0,149,58,88,10.0,8.0,0.0,0.556,0.39,0.59
LAC,2013,REG,0.0,11.0,15.0,8.0,10.0,5.0,1.0,647.0,169.0,133.0,35.0,61.0,1,0.0,0.0,0.0,0.0,959,372,582,10.0,8.0,0.0,0.556,0.39,0.61
LV,2013,REG,0.0,9.0,27.0,11.0,22.0,5.0,4.0,689.0,156.0,83.0,38.0,75.0,3,0.0,0.0,0.0,0.0,1031,431,585,4.0,12.0,0.0,0.25,0.42,0.57
MIA,2013,REG,1.0,18.0,12.0,5.0,8.0,4.0,0.0,738.0,151.0,57.0,42.0,91.0,2,0.0,0.0,0.0,0.0,1106,465,619,8.0,8.0,0.0,0.5,0.42,0.56
MIN,2013,REG,0.0,12.0,17.0,7.0,11.0,6.0,0.0,701.0,195.0,48.0,41.0,85.0,1,0.0,0.0,0.0,0.0,1136,430,686,6.0,10.0,0.0,0.375,0.38,0.6
NE,2013,POST,0.0,4.0,0.0,0.0,0.0,0.0,0.0,83.0,21.0,0.0,3.0,10.0,0,0.0,0.0,0.0,0.0,136,48,87,13.0,5.0,0.0,0.722,0.35,0.64
NE,2013,REG,0.0,17.0,23.0,10.0,12.0,12.0,2.0,634.0,223.0,25.0,48.0,91.0,3,0.0,0.0,0.0,0.0,1119,475,636,13.0,5.0,0.0,0.722,0.42,0.57
NO,2013,POST,0.0,0.0,0.0,0.0,0.0,0.0,0.0,71.0,21.0,7.0,5.0,4.0,0,0.0,0.0,0.0,0.0,113,57,56,12.0,6.0,0.0,0.667,0.5,0.5
NO,2013,REG,0.0,12.0,14.0,10.0,10.0,4.0,2.0,611.0,156.0,16.0,49.0,92.0,0,0.0,0.0,0.0,0.0,944,382,554,12.0,6.0,0.0,0.667,0.4,0.59
NYG,2013,REG,0.0,17.0,25.0,12.0,15.0,10.0,4.0,635.0,230.0,178.0,34.0,86.0,2,0.0,0.0,0.0,0.0,1091,440,635,7.0,9.0,0.0,0.438,0.4,0.58
NYJ,2013,REG,1.0,13.0,16.0,2.0,10.0,6.0,2.0,619.0,201.0,41.0,41.0,79.0,1,0.0,0.0,0.0,0.0,1048,410,625,8.0,8.0,0.0,0.5,0.39,0.6
PHI,2013,POST,0.0,2.0,0.0,0.0,0.0,0.0,0.0,59.0,3.0,0.0,2.0,3.0,0,0.0,0.0,0.0,0.0,68,36,32,10.0,7.0,0.0,0.588,0.53,0.47
PHI,2013,REG,2.0,19.0,27.0,13.0,13.0,14.0,0.0,773.0,131.0,47.0,37.0,69.0,2,0.0,0.0,0.0,0.0,1157,433,710,10.0,7.0,0.0,0.588,0.37,0.61
PIT,2013,REG,1.0,10.0,20.0,10.0,15.0,5.0,1.0,625.0,198.0,98.0,34.0,72.0,3,0.0,0.0,0.0,0.0,1038,421,604,8.0,8.0,0.0,0.5,0.41,0.58
SEA,2013,POST,1.0,4.0,8.0,4.0,7.0,1.0,0.0,79.0,73.0,47.0,4.0,8.0,1,0.0,0.0,0.0,0.0,190,68,120,16.0,3.0,0.0,0.842,0.36,0.63
SEA,2013,REG,2.0,28.0,25.0,9.0,15.0,10.0,5.0,614.0,210.0,56.0,44.0,95.0,4,0.0,0.0,0.0,0.0,995,411,572,16.0,3.0,0.0,0.842,0.41,0.57
SF,2013,POST,0.0,2.0,6.0,1.0,4.0,2.0,0.0,109.0,43.0,16.0,13.0,23.0,0,0.0,0.0,0.0,0.0,173,81,89,14.0,5.0,0.0,0.737,0.47,0.51
SF,2013,REG,1.0,18.0,19.0,8.0,12.0,7.0,2.0,683.0,139.0,94.0,38.0,79.0,4,0.0,0.0,0.0,0.0,1022,389,622,14.0,5.0,0.0,0.737,0.38,0.61
TB,2013,REG,1.0,21.0,16.0,9.0,14.0,2.0,4.0,642.0,178.0,93.0,35.0,80.0,3,0.0,0.0,0.0,0.0,1022,420,582,4.0,12.0,0.0,0.25,0.41,0.57
TEN,2013,REG,0.0,13.0,26.0,14.0,13.0,14.0,1.0,721.0,119.0,21.0,36.0,74.0,5,0.0,0.0,0.0,0.0,1028,431,578,7.0,9.0,0.0,0.438,0.42,0.56
WAS,2013,REG,0.0,16.0,19.0,11.0,12.0,7.0,2.0,595.0,231.0,101.0,36.0,69.0,5,0.0,0.0,0.0,0.0,993,419,550,3.0,13.0,0.0,0.188,0.42,0.55
ARI,2014,POST,1.0,1.0,2.0,1.0,1.0,1.0,0.0,44.0,15.0,0.0,1.0,3.0,0,0.0,0.0,0.0,0.0,74,41,33,11.0,6.0,0.0,0.647,0.55,0.45
ARI,2014,REG,0.0,18.0,14.0,7.0,8.0,6.0,1.0,710.0,105.0,50.0,35.0,83.0,4,0.0,0.0,0.0,0.0,1010,384,613,11.0,6.0,0.0,0.647,0.38,0.61
ATL,2014,REG,0.0,16.0,17.0,9.0,11.0,6.0,1.0,637.0,186.0,41.0,22.0,62.0,2,0.0,0.0,0.0,0.0,1042,441,583,6.0,10.0,0.0,0.375,0.42,0.56
BAL,2014,POST,0.0,3.0,4.0,1.0,4.0,0.0,0.0,86.0,21.0,4.0,7.0,14.0,0,0.0,0.0,0.0,0.0,139,28,107,11.0,7.0,0.0,0.611,0.2,0.77
BAL,2014,REG,1.0,11.0,21.0,12.0,14.0,7.0,1.0,642.0,196.0,23.0,49.0,112.0,1,0.0,0.0,0.0,0.0,1036,383,645,11.0,7.0,0.0,0.611,0.37,0.62
BUF,2014,REG,1.0,19.0,23.0,11.0,16.0,7.0,1.0,618.0,225.0,147.0,54.0,94.0,1,0.0,0.0,0.0,0.0,1028,404,612,9.0,7.0,0.0,0.562,0.39,0.6
CAR,2014,POST,0.0,2.0,6.0,2.0,2.0,4.0,0.0,52.0,23.0,0.0,6.0,7.0,0,0.0,0.0,0.0,0.0,99,40,56,9.0,9.0,0.0,0.5,0.4,0.57
CAR,2014,REG,0.0,14.0,32.0,14.0,24.0,9.0,4.0,631.0,166.0,16.0,40.0,77.0,3,0.0,0.0,0.0,0.0,999,384,597,9.0,9.0,0.0,0.5,0.38,0.6
CHI,2014,REG,0.0,14.0,18.0,8.0,16.0,2.0,5.0,647.0,164.0,31.0,39.0,78.0,1,0.0,0.0,0.0,0.0,1008,403,587,5.0,11.0,0.0,0.312,0.4,0.58
CIN,2014,POST,0.0,0.0,2.0,1.0,2.0,0.0,0.0,43.0,14.0,0.0,1.0,7.0,0,0.0,0.0,0.0,0.0,70,24,45,10.0,7.0,0.0,0.588,0.34,0.64
CIN,2014,REG,3.0,20.0,13.0,5.0,5.0,8.0,1.0,661.0,214.0,15.0,20.0,72.0,1,0.0,0.0,0.0,0.0,1070,434,626,10.0,7.0,0.0,0.588,0.41,0.59
CLE,2014,REG,1.0,21.0,23.0,9.0,15.0,8.0,3.0,645.0,228.0,30.0,31.0,70.0,3,0.0,0.0,0.0,0.0,1120,490,611,7.0,9.0,0.0,0.438,0.44,0.55
DAL,2014,POST,0.0,1.0,5.0,3.0,5.0,1.0,1.0,84.0,20.0,9.0,5.0,6.0,0,0.0,0.0,0.0,0.0,134,48,83,13.0,5.0,0.0,0.722,0.36,0.62
DAL,2014,REG,0.0,18.0,22.0,14.0,16.0,6.0,1.0,656.0,155.0,64.0,28.0,77.0,3,0.0,0.0,0.0,0.0,980,383,587,13.0,5.0,0.0,0.722,0.39,0.6
DEN,2014,POST,0.0,2.0,0.0,0.0,0.0,0.0,0.0,49.0,8.0,0.0,0.0,5.0,0,0.0,0.0,0.0,0.0,71,28,43,12.0,5.0,0.0,0.706,0.39,0.61
DEN,2014,REG,1.0,18.0,21.0,6.0,17.0,4.0,3.0,700.0,122.0,50.0,41.0,88.0,3,0.0,0.0,0.0,0.0,1034,345,684,12.0,5.0,0.0,0.706,0.33,0.66
DET,2014,POST,0.0,0.0,3.0,0.0,2.0,1.0,0.0,40.0,3.0,1.0,6.0,10.0,0,0.0,0.0,0.0,0.0,58,19,37,11.0,6.0,0.0,0.647,0.33,0.64
DET,2014,REG,1.0,20.0,21.0,9.0,13.0,8.0,2.0,681.0,111.0,19.0,42.0,112.0,2,0.0,0.0,0.0,0.0,986,344,631,11.0,6.0,0.0,0.647,0.35,0.64
GB,2014,POST,0.0,4.0,6.0,2.0,3.0,3.0,0.0,72.0,31.0,8.0,9.0,14.0,0,0.0,0.0,0.0,0.0,122,62,59,13.0,5.0,0.0,0.722,0.51,0.48
GB,2014,REG,1.0,18.0,19.0,8.0,13.0,6.0,1.0,678.0,182.0,88.0,41.0,90.0,4,0.0,0.0,0.0,0.0,1056,439,605,13.0,5.0,0.0,0.722,0.42,0.57
HOU,2014,REG,1.0,20.0,22.0,12.0,15.0,7.0,2.0,658.0,199.0,82.0,38.0,114.0,5,0.0,0.0,0.0,0.0,1080,407,657,9.0,7.0,0.0,0.562,0.38,0.61
IND,2014,POST,0.0,1.0,4.0,3.0,3.0,1.0,1.0,115.0,45.0,1.0,6.0,10.0,0,0.0,0.0,0.0,0.0,203,81,121,13.0,6.0,0.0,0.684,0.4,0.6
IND,2014,REG,0.0,12.0,28.0,14.0,20.0,8.0,0.0,643.0,157.0,36.0,41.0,83.0,2,0.0,0.0,0.0,0.0,1007,412,582,13.0,6.0,0.0,0.684,0.41,0.58
JAX,2014,REG,1.0,6.0,23.0,14.0,19.0,4.0,1.0,711.0,177.0,27.0,45.0,71.0,3,0.0,0.0,0.0,0.0,1085,481,584,3.0,13.0,0.0,0.188,0.44,0.54
KC,2014,REG,0.0,6.0,16.0,7.0,12.0,4.0,1.0,745.0,103.0,47.0,46.0,78.0,1,0.0,0.0,0.0,0.0,1025,420,591,9.0,7.0,0.0,0.562,0.41,0.58
LA,2014,REG,0.0,13.0,28.0,11.0,17.0,11.0,1.0,723.0,129.0,87.0,40.0,70.0,3,0.0,0.0,0.0,0.0,1006,410,579,6.0,10.0,0.0,0.375,0.41,0.58
LAC,2014,REG,1.0,7.0,23.0,12.0,17.0,6.0,0.0,606.0,215.0,169.0,26.0,52.0,3,0.0,0.0,0.0,0.0,990,437,550,9.0,7.0,0.0,0.562,0.44,0.56
LV,2014,REG,0.0,9.0,15.0,5.0,10.0,5.0,0.0,690.0,150.0,62.0,22.0,56.0,1,0.0,0.0,0.0,0.0,1042,463,561,3.0,13.0,0.0,0.188,0.44,0.54
MIA,2014,REG,3.0,14.0,22.0,12.0,14.0,8.0,1.0,721.0,125.0,46.0,39.0,73.0,3,0.0,0.0,0.0,0.0,1031,443,576,8.0,8.0,0.0,0.5,0.43,0.56
MIN,2014,REG,0.0,13.0,14.0,6.0,9.0,5.0,2.0,701.0,143.0,28.0,41.0,89.0,3,0.0,0.0,0.0,0.0,1026,436,573,7.0,9.0,0.0,0.438,0.42,0.56
NE,2014,POST,0.0,5.0,1.0,0.0,1.0,0.0,1.0,115.0,26.0,2.0,3.0,13.0,0,0.0,0.0,0.0,0.0,178,75,102,15.0,4.0,0.0,0.789,0.42,0.57
NE,2014,REG,0.0,16.0,20.0,9.0,15.0,5.0,0.0,640.0,190.0,60.0,40.0,79.0,2,0.0,0.0,0.0,0.0,1037,407,617,15.0,4.0,0.0,0.789,0.39,0.59
NO,2014,REG,2.0,12.0,15.0,5.0,11.0,4.0,2.0,681.0,142.0,22.0,34.0,67.0,0,0.0,0.0,0.0,0.0,1026,432,579,7.0,9.0,0.0,0.438,0.42,0.56
NYG,2014,REG,0.0,17.0,25.0,11.0,16.0,9.0,1.0,605.0,215.0,156.0,47.0,92.0,1,0.0,0.0,0.0,0.0,1011,423,569,6.0,10.0,0.0,0.375,0.42,0.56
NYJ,2014,REG,1.0,6.0,19.0,8.0,8.0,11.0,1.0,566.0,244.0,134.0,45.0,96.0,0,0.0,0.0,0.0,0.0,976,377,579,4.0,12.0,0.0,0.25,0.39,0.59
PHI,2014,REG,0.0,12.0,30.0,17.0,24.0,6.0,0.0,759.0,129.0,40.0,49.0,77.0,4,0.0,0.0,0.0,0.0,1113,457,640,10.0,6.0,0.0,0.625,0.41,0.58
PIT,2014,POST,1.0,0.0,2.0,1.0,1.0,1.0,0.0,28.0,13.0,4.0,1.0,4.0,0,0.0,0.0,0.0,0.0,55,21,30,11.0,6.0,0.0,0.647,0.38,0.55
PIT,2014,REG,1.0,11.0,18.0,10.0,11.0,7.0,0.0,588.0,190.0,75.0,33.0,81.0,4,0.0,0.0,0.0,0.0,945,360,575,11.0,6.0,0.0,0.647,0.38,0.61
SEA,2014,POST,0.0,6.0,3.0,1.0,2.0,1.0,2.0,127.0,40.0,6.0,4.0,21.0,1,0.0,0.0,0.0,0.0,205,79,124,14.0,5.0,0.0,0.737,0.39,0.6
SEA,2014,REG,1.0,13.0,27.0,10.0,17.0,10.0,6.0,618.0,157.0,39.0,37.0,83.0,2,0.0,0.0,0.0,0.0,926,373,543,14.0,5.0,0.0,0.737,0.4,0.59
SF,2014,REG,0.0,23.0,16.0,7.0,11.0,6.0,0.0,669.0,123.0,63.0,36.0,79.0,3,0.0,0.0,0.0,0.0,989,390,584,8.0,8.0,0.0,0.5,0.39,0.59
TB,2014,REG,0.0,14.0,24.0,11.0,14.0,10.0,1.0,685.0,211.0,128.0,36.0,71.0,3,0.0,0.0,0.0,0.0,1070,453,597,2.0,14.0,0.0,0.125,0.42,0.56
TEN,2014,REG,1.0,12.0,9.0,5.0,6.0,3.0,1.0,736.0,148.0,9.0,39.0,65.0,2,0.0,0.0,0.0,0.0,1100,493,584,2.0,14.0,0.0,0.125,0.45,0.53
WAS,2014,REG,0.0,7.0,26.0,9.0,15.0,11.0,2.0,607.0,190.0,95.0,36.0,74.0,0,0.0,0.0,0.0,0.0,978,413,556,4.0,12.0,0.0,0.25,0.42,0.57
ARI,2015,POST,0.0,2.0,1.0,1.0,0.0,1.0,0.0,75.0,25.0,2.0,2.0,4.0,0,0.0,0.0,0.0,0.0,134,55,75,14.0,4.0,0.0,0.778,0.41,0.56
ARI,2015,REG,2.0,19.0,34.0,13.0,21.0,13.0,6.0,707.0,93.0,36.0,36.0,103.0,6,1.0,0.0,0.0,0.0,987,366,612,14.0,4.0,0.0,0.778,0.37,0.62
ATL,2015,REG,0.0,15.0,15.0,8.0,12.0,3.0,2.0,647.0,147.0,54.0,19.0,74.0,3,0.0,0.0,0.0,0.0,998,401,581,8.0,8.0,0.0,0.5,0.4,0.58
BAL,2015,REG,0.0,6.0,14.0,9.0,8.0,7.0,2.0,635.0,159.0,22.0,37.0,90.0,2,1.0,0.0,0.0,0.0,1005,407,585,5.0,11.0,0.0,0.312,0.4,0.58
BUF,2015,REG,1.0,17.0,16.0,9.0,9.0,7.0,2.0,598.0,173.0,100.0,21.0,75.0,3,0.0,0.0,0.0,0.0,1022,376,626,8.0,8.0,0.0,0.5,0.37,0.61
CAR,2015,POST,0.0,7.0,5.0,3.0,4.0,1.0,0.0,102.0,39.0,6.0,13.0,25.0,2,0.0,0.0,0.0,0.0,183,57,124,17.0,2.0,0.0,0.895,0.31,0.68
CAR,2015,REG,0.0,24.0,26.0,14.0,20.0,6.0,2.0,639.0,190.0,41.0,44.0,108.0,4,0.0,0.0,0.0,0.0,1062,363,691,17.0,2.0,0.0,0.895,0.34,0.65
CHI,2015,REG,0.0,8.0,14.0,7.0,7.0,7.0,1.0,679.0,109.0,37.0,35.0,91.0,0,0.0,0.0,0.0,0.0,980,421,546,6.0,10.0,0.0,0.375,0.43,0.56
CIN,2015,POST,0.0,1.0,2.0,1.0,2.0,0.0,1.0,48.0,8.0,0.0,4.0,8.0,0,0.0,0.0,0.0,0.0,70,29,41,12.0,5.0,0.0,0.706,0.41,0.59
CIN,2015,REG,0.0,21.0,11.0,6.0,10.0,1.0,1.0,703.0,167.0,27.0,42.0,106.0,1,0.0,0.0,0.0,0.0,1034,339,686,12.0,5.0,0.0,0.706,0.33,0.66
CLE,2015,REG,0.0,11.0,19.0,12.0,15.0,4.0,1.0,652.0,166.0,14.0,29.0,68.0,2,0.0,0.0,0.0,0.0,1002,445,541,3.0,13.0,0.0,0.188,0.44,0.54
DAL,2015,REG,1.0,8.0,11.0,3.0,5.0,6.0,1.0,604.0,206.0,84.0,31.0,75.0,1,0.0,0.0,0.0,0.0,999,441,538,4.0,12.0,0.0,0.25,0.44,0.54
DEN,2015,POST,0.0,3.0,7.0,4.0,7.0,0.0,0.0,117.0,32.0,13.0,14.0,31.0,1,1.0,0.0,0.0,0.0,212,62,148,15.0,4.0,0.0,0.789,0.29,0.7
DEN,2015,REG,1.0,14.0,24.0,11.0,19.0,5.0,3.0,683.0,121.0,27.0,52.0,119.0,5,1.0,0.0,0.0,0.0,1037,396,626,15.0,4.0,0.0,0.789,0.38,0.6
DET,2015,REG,2.0,9.0,25.0,10.0,17.0,8.0,2.0,708.0,123.0,36.0,43.0,101.0,2,0.0,0.0,0.0,0.0,1002,412,572,7.0,9.0,0.0,0.438,0.41,0.57
GB,2015,POST,0.0,2.0,4.0,1.0,3.0,1.0,0.0,81.0,23.0,6.0,9.0,16.0,0,0.0,0.0,0.0,0.0,133,36,96,11.0,7.0,0.0,0.611,0.27,0.72
GB,2015,REG,0.0,16.0,19.0,6.0,13.0,6.0,1.0,691.0,130.0,36.0,43.0,89.0,2,0.0,0.0,0.0,0.0,1016,417,593,11.0,7.0,0.0,0.611,0.41,0.58
HOU,2015,POST,0.0,1.0,0.0,0.0,0.0,0.0,0.0,34.0,20.0,10.0,3.0,4.0,0,0.0,0.0,0.0,0.0,62,35,25,9.0,8.0,0.0,0.529,0.56,0.4
HOU,2015,REG,0.0,14.0,18.0,9.0,14.0,4.0,1.0,613.0,182.0,66.0,45.0,102.0,3,0.0,0.0,0.0,0.0,988,374,599,9.0,8.0,0.0,0.529,0.38,0.61
IND,2015,REG,1.0,17.0,21.0,9.0,14.0,7.0,1.0,644.0,175.0,29.0,35.0,85.0,5,0.0,0.0,0.0,0.0,1074,439,619,8.0,8.0,0.0,0.5,0.41,0.58
JAX,2015,REG,0.0,9.0,19.0,9.0,15.0,4.0,1.0,721.0,133.0,22.0,36.0,71.0,3,0.0,0.0,0.0,0.0,1105,443,636,5.0,11.0,0.0,0.312,0.4,0.58
KC,2015,POST,0.0,4.0,2.0,1.0,2.0,0.0,0.0,64.0,22.0,7.0,3.0,3.0,0,0.0,0.0,0.0,0.0,118,34,79,12.0,6.0,0.0,0.667,0.29,0.67
KC,2015,REG,1.0,22.0,20.0,8.0,15.0,6.0,3.0,727.0,101.0,33.0,47.0,85.0,6,0.0,0.0,0.0,0.0,1043,379,656,12.0,6.0,0.0,0.667,0.36,0.63
LA,2015,REG,1.0,13.0,30.0,13.0,19.0,11.0,3.0,736.0,178.0,23.0,41.0,111.0,3,0.0,0.0,0.0,0.0,1094,437,636,7.0,9.0,0.0,0.438,0.4,0.58
LAC,2015,REG,0.0,11.0,15.0,9.0,9.0,6.0,0.0,605.0,161.0,114.0,32.0,72.0,1,0.0,0.0,0.0,0.0,962,406,542,4.0,12.0,0.0,0.25,0.42,0.56
LV,2015,REG,2.0,14.0,16.0,9.0,14.0,2.0,1.0,759.0,122.0,42.0,38.0,74.0,1,1.0,0.0,0.0,0.0,1091,398,684,7.0,9.0,0.0,0.438,0.36,0.63
MIA,2015,REG,0.0,13.0,14.0,4.0,9.0,5.0,2.0,722.0,153.0,39.0,31.0,86.0,3,0.0,0.0,0.0,0.0,1076,485,573,6.0,10.0,0.0,0.375,0.45,0.53
MIN,2015,POST,0.0,1.0,2.0,0.0,0.0,2.0,0.0,35.0,10.0,10.0,2.0,7.0,0,0.0,0.0,0.0,0.0,56,27,28,11.0,6.0,0.0,0.647,0.48,0.5
MIN,2015,REG,0.0,13.0,15.0,8.0,10.0,5.0,1.0,693.0,146.0,101.0,43.0,104.0,3,0.0,0.0,0.0,0.0,1018,401,604,11.0,6.0,0.0,0.647,0.39,0.59
NE,2015,POST,0.0,0.0,2.0,2.0,1.0,1.0,0.0,86.0,24.0,1.0,4.0,9.0,0,0.0,0.0,0.0,0.0,148,61,85,13.0,5.0,0.0,0.722,0.41,0.57
NE,2015,REG,1.0,12.0,27.0,11.0,22.0,5.0,6.0,628.0,193.0,70.0,49.0,91.0,2,0.0,0.0,0.0,0.0,1045,391,647,13.0,5.0,0.0,0.722,0.37,0.62
NO,2015,REG,0.0,9.0,28.0,14.0,19.0,9.0,0.0,658.0,167.0,33.0,31.0,62.0,1,2.0,1.0,0.0,0.0,1000,412,578,7.0,9.0,0.0,0.438,0.41,0.58
NYG,2015,REG,1.0,15.0,26.0,12.0,17.0,9.0,4.0,649.0,266.0,213.0,23.0,82.0,4,0.0,0.0,0.0,0.0,1107,430,660,6.0,10.0,0.0,0.375,0.39,0.6
NYJ,2015,REG,0.0,18.0,20.0,10.0,13.0,7.0,0.0,615.0,188.0,52.0,39.0,109.0,0,0.0,0.0,0.0,0.0,1013,362,640,10.0,6.0,0.0,0.625,0.36,0.63
PHI,2015,REG,1.0,15.0,21.0,9.0,17.0,4.0,3.0,748.0,151.0,39.0,37.0,80.0,4,0.0,0.0,0.0,0.0,1149,458,669,7.0,9.0,0.0,0.438,0.4,0.58
PIT,2015,POST,0.0,1.0,7.0,3.0,4.0,3.0,1.0,89.0,17.0,1.0,4.0,10.0,0,0.0,0.0,0.0,0.0,141,56,83,11.0,7.0,0.0,0.611,0.4,0.59
PIT,2015,REG,0.0,17.0,31.0,14.0,17.0,14.0,3.0,684.0,183.0,75.0,48.0,90.0,2,0.0,0.0,0.0,0.0,1058,372,673,11.0,7.0,0.0,0.611,0.35,0.64
SEA,2015,POST,0.0,0.0,2.0,1.0,2.0,0.0,0.0,76.0,35.0,12.0,4.0,7.0,0,0.0,0.0,0.0,0.0,120,65,50,11.0,7.0,0.0,0.611,0.54,0.42
SEA,2015,REG,0.0,14.0,20.0,10.0,18.0,2.0,4.0,612.0,174.0,16.0,37.0,99.0,3,0.0,0.0,0.0,0.0,950,352,587,11.0,7.0,0.0,0.611,0.37,0.62
SF,2015,REG,0.0,9.0,12.0,5.0,6.0,6.0,0.0,715.0,175.0,103.0,28.0,75.0,1,0.0,0.0,0.0,0.0,1085,478,579,5.0,11.0,0.0,0.312,0.44,0.53
TB,2015,REG,0.0,11.0,29.0,13.0,19.0,10.0,2.0,651.0,230.0,115.0,38.0,82.0,3,0.0,0.0,0.0,0.0,1046,447,578,6.0,10.0,0.0,0.375,0.43,0.55
TEN,2015,REG,0.0,11.0,15.0,6.0,9.0,6.0,0.0,642.0,149.0,10.0,39.0,66.0,2,0.0,0.0,0.0,0.0,1004,440,542,3.0,13.0,0.0,0.188,0.44,0.54
WAS,2015,POST,1.0,0.0,1.0,1.0,1.0,0.0,0.0,35.0,16.0,7.0,1.0,2.0,0,0.0,0.0,0.0,0.0,70,31,38,9.0,8.0,0.0,0.529,0.44,0.54
WAS,2015,REG,1.0,11.0,36.0,18.0,23.0,13.0,2.0,586.0,227.0,77.0,38.0,79.0,2,0.0,0.0,0.0,0.0,1012,402,605,9.0,8.0,0.0,0.529,0.4,0.6
ARI,2016,REG,2.0,14.0,28.0,12.0,21.0,7.0,3.0,720.0,114.0,31.0,48.0,99.0,3,0.0,0.0,0.0,0.0,1020,413,596,7.0,9.0,0.0,0.438,0.4,0.58
ATL,2016,POST,1.0,4.0,2.0,2.0,2.0,0.0,0.0,133.0,28.0,12.0,10.0,24.0,1,0.0,0.0,0.0,0.0,214,66,148,13.0,6.0,0.0,0.684,0.31,0.69
ATL,2016,REG,0.0,12.0,20.0,9.0,17.0,3.0,2.0,644.0,175.0,43.0,34.0,77.0,5,0.0,0.0,0.0,0.0,1068,362,691,13.0,6.0,0.0,0.684,0.34,0.65
BAL,2016,REG,0.0,18.0,27.0,11.0,15.0,12.0,5.0,622.0,167.0,30.0,31.0,80.0,1,1.0,1.0,0.0,0.0,996,374,607,8.0,8.0,0.0,0.5,0.38,0.61
BUF,2016,REG,0.0,12.0,18.0,6.0,11.0,7.0,2.0,588.0,239.0,137.0,39.0,76.0,3,0.0,0.0,0.0,0.0,1021,454,551,7.0,9.0,0.0,0.438,0.44,0.54
CAR,2016,REG,1.0,17.0,20.0,11.0,17.0,3.0,3.0,656.0,176.0,28.0,47.0,89.0,3,0.0,0.0,0.0,0.0,1041,365,663,6.0,10.0,0.0,0.375,0.35,0.64
CHI,2016,REG,1.0,8.0,13.0,4.0,10.0,3.0,2.0,683.0,136.0,60.0,37.0,73.0,2,0.0,0.0,0.0,0.0,1013,426,566,3.0,13.0,0.0,0.188,0.42,0.56
CIN,2016,REG,1.0,17.0,16.0,5.0,8.0,8.0,2.0,653.0,202.0,45.0,33.0,99.0,0,2.0,0.0,0.0,0.0,1040,401,625,6.0,10.0,0.0,0.375,0.39,0.6
CLE,2016,REG,0.0,10.0,10.0,2.0,6.0,4.0,1.0,662.0,182.0,25.0,26.0,78.0,1,1.0,0.0,0.0,0.0,1069,487,568,1.0,15.0,0.0,0.062,0.46,0.53
DAL,2016,POST,0.0,1.0,0.0,0.0,0.0,0.0,0.0,40.0,6.0,0.0,3.0,5.0,0,0.0,0.0,0.0,0.0,63,17,46,13.0,4.0,0.0,0.765,0.27,0.73
DAL,2016,REG,0.0,9.0,25.0,10.0,17.0,8.0,2.0,636.0,183.0,66.0,36.0,85.0,0,2.0,0.0,0.0,0.0,1015,337,672,13.0,4.0,0.0,0.765,0.33,0.66
DEN,2016,REG,0.0,14.0,26.0,13.0,16.0,10.0,2.0,693.0,149.0,42.0,42.0,107.0,4,1.0,1.0,0.0,0.0,1079,469,594,9.0,7.0,0.0,0.562,0.43,0.55
DET,2016,POST,0.0,0.0,1.0,0.0,0.0,1.0,0.0,37.0,22.0,0.0,3.0,9.0,0,0.0,0.0,0.0,0.0,71,35,33,9.0,8.0,0.0,0.529,0.49,0.46
DET,2016,REG,2.0,10.0,11.0,5.0,8.0,3.0,2.0,662.0,139.0,53.0,26.0,67.0,1,0.0,0.0,0.0,0.0,967,375,577,9.0,8.0,0.0,0.529,0.39,0.6
GB,2016,POST,0.0,2.0,3.0,1.0,1.0,2.0,0.0,132.0,18.0,8.0,4.0,15.0,0,0.0,0.0,0.0,0.0,196,72,123,12.0,7.0,0.0,0.632,0.37,0.63
GB,2016,REG,0.0,17.0,16.0,8.0,10.0,6.0,0.0,666.0,136.0,61.0,40.0,81.0,0,0.0,0.0,0.0,0.0,992,370,612,12.0,7.0,0.0,0.632,0.37,0.62
HOU,2016,POST,0.0,5.0,4.0,1.0,2.0,2.0,0.0,72.0,22.0,10.0,5.0,11.0,0,0.0,0.0,0.0,0.0,136,45,88,10.0,8.0,0.0,0.556,0.33,0.65
HOU,2016,REG,1.0,11.0,16.0,6.0,7.0,9.0,1.0,615.0,170.0,46.0,31.0,87.0,1,0.0,0.0,0.0,0.0,951,388,554,10.0,8.0,0.0,0.556,0.41,0.58
IND,2016,REG,0.0,8.0,19.0,9.0,15.0,4.0,3.0,690.0,131.0,11.0,33.0,81.0,1,0.0,0.0,0.0,0.0,1027,398,616,8.0,8.0,0.0,0.5,0.39,0.6
JAX,2016,REG,0.0,7.0,19.0,7.0,9.0,10.0,1.0,699.0,106.0,28.0,33.0,73.0,1,0.0,0.0,0.0,0.0,1030,433,577,3.0,13.0,0.0,0.188,0.42,0.56
KC,2016,POST,0.0,1.0,0.0,0.0,0.0,0.0,0.0,39.0,15.0,0.0,1.0,1.0,0,0.0,0.0,0.0,0.0,66,31,32,12.0,5.0,0.0,0.706,0.47,0.48
KC,2016,REG,1.0,18.0,24.0,14.0,15.0,9.0,0.0,727.0,109.0,28.0,28.0,74.0,5,1.0,1.0,0.0,0.0,1067,428,627,12.0,5.0,0.0,0.706,0.4,0.59
LA,2016,REG,0.0,10.0,18.0,8.0,13.0,5.0,2.0,703.0,133.0,35.0,31.0,100.0,1,0.0,0.0,0.0,0.0,1039,409,613,4.0,12.0,0.0,0.25,0.39,0.59
LAC,2016,REG,1.0,18.0,15.0,10.0,12.0,3.0,1.0,655.0,155.0,92.0,35.0,85.0,5,0.0,0.0,0.0,0.0,1028,397,616,5.0,11.0,0.0,0.312,0.39,0.6
LV,2016,POST,0.0,0.0,1.0,0.0,0.0,1.0,0.0,48.0,13.0,8.0,0.0,0.0,0,0.0,0.0,0.0,0.0,69,42,25,12.0,5.0,0.0,0.706,0.61,0.36
LV,2016,REG,0.0,16.0,25.0,12.0,20.0,5.0,3.0,669.0,131.0,54.0,25.0,78.0,1,1.0,0.0,0.0,0.0,993,413,568,12.0,5.0,0.0,0.706,0.42,0.57
MIA,2016,POST,0.0,2.0,0.0,0.0,0.0,0.0,0.0,27.0,20.0,14.0,1.0,2.0,0,0.0,0.0,0.0,0.0,54,33,19,10.0,7.0,0.0,0.588,0.61,0.35
MIA,2016,REG,0.0,16.0,27.0,11.0,17.0,10.0,1.0,645.0,225.0,48.0,33.0,91.0,1,1.0,1.0,0.0,0.0,1092,449,626,10.0,7.0,0.0,0.588,0.41,0.57
MIN,2016,REG,1.0,14.0,24.0,13.0,15.0,9.0,1.0,649.0,162.0,9.0,41.0,111.0,4,0.0,0.0,0.0,0.0,995,401,587,8.0,8.0,0.0,0.5,0.4,0.59
NE,2016,POST,0.0,4.0,2.0,2.0,2.0,0.0,0.0,108.0,41.0,3.0,8.0,17.0,0,0.0,0.0,0.0,0.0,180,61,118,17.0,2.0,0.0,0.895,0.34,0.66
NE,2016,REG,3.0,13.0,29.0,11.0,17.0,12.0,1.0,616.0,195.0,22.0,34.0,72.0,0,0.0,0.0,0.0,0.0,1001,365,631,17.0,2.0,0.0,0.895,0.36,0.63
NO,2016,REG,1.0,9.0,19.0,13.0,11.0,8.0,1.0,653.0,156.0,57.0,30.0,101.0,0,0.0,0.0,0.0,0.0,1012,382,612,7.0,9.0,0.0,0.438,0.38,0.6
NYG,2016,POST,0.0,0.0,0.0,0.0,0.0,0.0,0.0,45.0,11.0,5.0,5.0,3.0,0,0.0,0.0,0.0,0.0,70,24,45,11.0,6.0,0.0,0.647,0.34,0.64
NYG,2016,REG,0.0,17.0,23.0,9.0,14.0,9.0,1.0,584.0,255.0,193.0,35.0,81.0,3,0.0,0.0,0.0,0.0,1063,388,661,11.0,6.0,0.0,0.647,0.37,0.62
NYJ,2016,REG,0.0,8.0,22.0,5.0,12.0,11.0,5.0,599.0,171.0,26.0,27.0,73.0,0,0.0,0.0,0.0,0.0,1002,404,572,5.0,11.0,0.0,0.312,0.4,0.57
PHI,2016,REG,1.0,16.0,21.0,9.0,14.0,7.0,2.0,609.0,141.0,35.0,34.0,87.0,3,0.0,0.0,0.0,0.0,979,374,587,7.0,9.0,0.0,0.438,0.38,0.6
PIT,2016,POST,0.0,2.0,4.0,3.0,3.0,1.0,0.0,114.0,40.0,14.0,8.0,16.0,0,0.0,0.0,0.0,0.0,184,59,121,13.0,6.0,0.0,0.684,0.32,0.66
PIT,2016,REG,1.0,13.0,21.0,8.0,15.0,6.0,1.0,597.0,193.0,103.0,38.0,89.0,1,0.0,0.0,0.0,0.0,1001,364,631,13.0,6.0,0.0,0.684,0.36,0.63
SEA,2016,POST,0.0,0.0,2.0,0.0,1.0,1.0,0.0,74.0,20.0,2.0,6.0,13.0,0,0.0,0.0,0.0,0.0,119,41,75,12.0,6.0,0.0,0.667,0.34,0.63
SEA,2016,REG,1.0,11.0,18.0,8.0,15.0,3.0,2.0,591.0,241.0,27.0,42.0,98.0,1,0.0,0.0,0.0,0.0,1024,433,580,12.0,6.0,0.0,0.667,0.42,0.57
SF,2016,REG,1.0,10.0,23.0,12.0,15.0,8.0,3.0,712.0,177.0,83.0,33.0,74.0,0,0.0,0.0,0.0,0.0,1103,531,551,2.0,14.0,0.0,0.125,0.48,0.5
TB,2016,REG,1.0,17.0,22.0,10.0,17.0,5.0,3.0,685.0,135.0,82.0,38.0,80.0,4,0.0,0.0,0.0,0.0,1018,418,589,9.0,7.0,0.0,0.562,0.41,0.58
TEN,2016,REG,0.0,12.0,11.0,4.0,5.0,6.0,1.0,662.0,123.0,24.0,40.0,92.0,1,0.0,0.0,0.0,0.0,1034,345,675,9.0,7.0,0.0,0.562,0.33,0.65
WAS,2016,REG,0.0,13.0,21.0,8.0,15.0,6.0,0.0,649.0,203.0,92.0,38.0,92.0,0,0.0,0.0,0.0,0.0,1052,417,626,9.0,7.0,0.0,0.562,0.4,0.6
ARI,2017,REG,0.0,15.0,20.0,6.0,17.0,3.0,1.0,713.0,112.0,34.0,37.0,94.0,2,0.0,0.0,0.0,0.0,1014,402,603,8.0,8.0,0.0,0.5,0.4,0.59
ATL,2017,POST,0.0,0.0,4.0,2.0,2.0,2.0,0.0,90.0,10.0,2.0,4.0,10.0,0,0.0,0.0,0.0,0.0,127,45,79,11.0,7.0,0.0,0.611,0.35,0.62
ATL,2017,REG,0.0,8.0,20.0,7.0,14.0,6.0,0.0,643.0,169.0,33.0,39.0,79.0,2,0.0,0.0,0.0,0.0,996,389,589,11.0,7.0,0.0,0.611,0.39,0.59
BAL,2017,REG,0.0,22.0,22.0,12.0,16.0,6.0,2.0,717.0,114.0,18.0,41.0,96.0,5,0.0,0.0,0.0,0.0,1047,427,608,9.0,7.0,0.0,0.562,0.41,0.58
BUF,2017,POST,0.0,0.0,2.0,0.0,1.0,1.0,0.0,36.0,13.0,3.0,2.0,5.0,0,0.0,0.0,0.0,0.0,59,33,24,9.0,8.0,0.0,0.529,0.56,0.41
BUF,2017,REG,0.0,18.0,23.0,6.0,15.0,8.0,1.0,646.0,224.0,113.0,27.0,71.0,3,1.0,0.0,0.0,0.0,1068,444,600,9.0,8.0,0.0,0.529,0.42,0.56
CAR,2017,POST,0.0,1.0,2.0,0.0,2.0,0.0,1.0,41.0,3.0,0.0,1.0,4.0,0,0.0,0.0,0.0,0.0,56,21,34,11.0,6.0,0.0,0.647,0.38,0.61
CAR,2017,REG,0.0,10.0,18.0,12.0,15.0,3.0,1.0,593.0,169.0,21.0,50.0,98.0,1,0.0,0.0,0.0,0.0,955,343,597,11.0,6.0,0.0,0.647,0.36,0.63
CHI,2017,REG,1.0,8.0,17.0,13.0,14.0,3.0,2.0,701.0,123.0,21.0,42.0,98.0,3,0.0,0.0,0.0,0.0,1004,415,572,5.0,11.0,0.0,0.312,0.41,0.57
CIN,2017,REG,0.0,11.0,13.0,5.0,5.0,8.0,2.0,714.0,186.0,17.0,41.0,95.0,3,0.0,0.0,0.0,0.0,1091,482,600,7.0,9.0,0.0,0.438,0.44,0.55
CLE,2017,REG,0.0,7.0,27.0,8.0,16.0,11.0,6.0,663.0,185.0,30.0,34.0,76.0,1,0.0,0.0,0.0,0.0,1028,449,559,0.0,16.0,0.0,0.0,0.44,0.54
DAL,2017,REG,0.0,10.0,22.0,9.0,17.0,5.0,3.0,649.0,174.0,57.0,38.0,96.0,1,1.0,0.0,0.0,0.0,1003,391,599,9.0,7.0,0.0,0.562,0.39,0.6
DEN,2017,REG,1.0,10.0,20.0,9.0,9.0,11.0,2.0,606.0,142.0,46.0,33.0,75.0,4,0.0,0.0,0.0,0.0,952,413,524,5.0,11.0,0.0,0.312,0.43,0.55
DET,2017,REG,0.0,19.0,21.0,12.0,14.0,7.0,1.0,703.0,146.0,46.0,35.0,91.0,5,0.0,0.0,0.0,0.0,1039,418,607,9.0,7.0,0.0,0.562,0.4,0.58
GB,2017,REG,0.0,11.0,17.0,10.0,11.0,7.0,4.0,663.0,191.0,82.0,37.0,79.0,2,0.0,0.0,0.0,0.0,1016,450,552,7.0,9.0,0.0,0.438,0.44,0.54
HOU,2017,REG,1.0,11.0,16.0,4.0,12.0,4.0,3.0,598.0,181.0,66.0,32.0,69.0,4,0.0,0.0,0.0,0.0,975,419,534,4.0,12.0,0.0,0.25,0.43,0.55
IND,2017,REG,2.0,13.0,19.0,5.0,12.0,7.0,3.0,646.0,182.0,20.0,25.0,72.0,1,1.0,0.0,0.0,0.0,1030,473,541,4.0,12.0,0.0,0.25,0.46,0.53
JAX,2017,POST,0.0,3.0,4.0,2.0,3.0,1.0,2.0,128.0,20.0,10.0,7.0,20.0,1,0.0,0.0,0.0,0.0,213,66,144,12.0,7.0,0.0,0.632,0.31,0.68
JAX,2017,REG,0.0,21.0,25.0,12.0,17.0,8.0,0.0,685.0,107.0,17.0,55.0,95.0,7,2.0,1.0,0.0,0.0,994,418,561,12.0,7.0,0.0,0.632,0.42,0.56
KC,2017,POST,0.0,1.0,1.0,0.0,1.0,0.0,1.0,43.0,9.0,0.0,2.0,3.0,0,0.0,0.0,0.0,0.0,66,28,35,10.0,7.0,0.0,0.588,0.42,0.53
KC,2017,REG,0.0,16.0,17.0,8.0,11.0,7.0,1.0,656.0,141.0,54.0,31.0,67.0,3,0.0,0.0,0.0,0.0,1050,435,603,10.0,7.0,0.0,0.588,0.41,0.57
LA,2017,POST,0.0,0.0,1.0,1.0,0.0,1.0,0.0,53.0,13.0,9.0,3.0,5.0,0,0.0,0.0,0.0,0.0,72,36,33,11.0,6.0,0.0,0.647,0.5,0.46
LA,2017,REG,2.0,18.0,29.0,12.0,19.0,10.0,2.0,665.0,148.0,60.0,48.0,97.0,3,1.0,0.0,0.0,0.0,1023,411,603,11.0,6.0,0.0,0.647,0.4,0.59
LAC,2017,REG,1.0,18.0,20.0,9.0,13.0,7.0,0.0,600.0,226.0,173.0,43.0,82.0,3,0.0,0.0,0.0,0.0,1000,426,570,9.0,7.0,0.0,0.562,0.43,0.57
LV,2017,REG,0.0,5.0,22.0,8.0,14.0,8.0,3.0,615.0,194.0,103.0,31.0,69.0,0,0.0,0.0,0.0,0.0,996,420,561,6.0,10.0,0.0,0.375,0.42,0.56
MIA,2017,REG,1.0,9.0,17.0,6.0,6.0,11.0,2.0,636.0,167.0,60.0,30.0,86.0,3,0.0,0.0,0.0,0.0,992,413,558,6.0,10.0,0.0,0.375,0.42,0.56
MIN,2017,POST,0.0,2.0,1.0,0.0,1.0,0.0,0.0,87.0,12.0,0.0,3.0,8.0,0,0.0,0.0,0.0,0.0,131,50,77,14.0,4.0,0.0,0.778,0.38,0.59
MIN,2017,REG,1.0,14.0,13.0,4.0,6.0,7.0,0.0,614.0,161.0,23.0,37.0,84.0,1,0.0,0.0,0.0,0.0,958,355,592,14.0,4.0,0.0,0.778,0.37,0.62
NE,2017,POST,0.0,1.0,1.0,0.0,1.0,0.0,0.0,109.0,51.0,38.0,11.0,22.0,0,0.0,0.0,0.0,0.0,206,73,131,15.0,4.0,0.0,0.789,0.35,0.64
NE,2017,REG,1.0,12.0,17.0,5.0,10.0,7.0,2.0,670.0,161.0,99.0,42.0,87.0,0,0.0,0.0,0.0,0.0,1024,381,629,15.0,4.0,0.0,0.789,0.37,0.61
NO,2017,POST,0.0,1.0,0.0,0.0,0.0,0.0,0.0,81.0,27.0,0.0,6.0,14.0,0,0.0,0.0,0.0,0.0,143,56,87,12.0,6.0,0.0,0.667,0.39,0.61
NO,2017,REG,0.0,20.0,22.0,6.0,17.0,5.0,1.0,675.0,136.0,16.0,42.0,77.0,4,0.0,0.0,0.0,0.0,1005,398,599,12.0,6.0,0.0,0.667,0.4,0.6
NYG,2017,REG,1.0,13.0,15.0,6.0,11.0,4.0,2.0,569.0,258.0,203.0,27.0,62.0,2,0.0,0.0,0.0,0.0,1053,445,587,3.0,13.0,0.0,0.188,0.42,0.56
NYJ,2017,REG,0.0,11.0,21.0,11.0,8.0,13.0,1.0,662.0,158.0,37.0,28.0,91.0,0,1.0,0.0,0.0,0.0,1057,461,588,5.0,11.0,0.0,0.312,0.44,0.56
PHI,2017,POST,0.0,2.0,3.0,3.0,2.0,1.0,0.0,123.0,19.0,1.0,5.0,28.0,1,0.0,0.0,0.0,0.0,198,60,136,16.0,3.0,0.0,0.842,0.3,0.69
PHI,2017,REG,0.0,19.0,19.0,12.0,14.0,5.0,1.0,632.0,139.0,46.0,38.0,109.0,5,0.0,0.0,0.0,0.0,977,331,640,16.0,3.0,0.0,0.842,0.34,0.66
PIT,2017,POST,0.0,0.0,1.0,0.0,0.0,1.0,0.0,31.0,14.0,10.0,0.0,4.0,0,0.0,0.0,0.0,0.0,61,34,26,13.0,4.0,0.0,0.765,0.56,0.43
PIT,2017,REG,1.0,16.0,18.0,7.0,11.0,7.0,2.0,624.0,141.0,66.0,56.0,104.0,0,0.0,0.0,0.0,0.0,943,380,553,13.0,4.0,0.0,0.765,0.4,0.59
SEA,2017,REG,2.0,14.0,20.0,10.0,13.0,7.0,2.0,657.0,183.0,38.0,39.0,106.0,4,0.0,0.0,0.0,0.0,1046,440,591,9.0,7.0,0.0,0.562,0.42,0.57
SF,2017,REG,0.0,10.0,21.0,10.0,15.0,6.0,2.0,676.0,161.0,82.0,30.0,96.0,1,0.0,0.0,0.0,0.0,1069,473,576,6.0,10.0,0.0,0.375,0.44,0.54
TB,2017,REG,0.0,13.0,20.0,10.0,15.0,5.0,0.0,684.0,164.0,84.0,22.0,78.0,3,2.0,0.0,0.0,0.0,1011,426,570,5.0,11.0,0.0,0.312,0.42,0.56
TEN,2017,POST,0.0,0.0,1.0,1.0,0.0,1.0,0.0,77.0,26.0,17.0,4.0,8.0,0,0.0,0.0,0.0,0.0,133,40,90,10.0,8.0,0.0,0.556,0.3,0.68
TEN,2017,REG,0.0,12.0,20.0,9.0,12.0,8.0,3.0,664.0,165.0,29.0,43.0,85.0,1,0.0,0.0,0.0,0.0,1049,388,648,10.0,8.0,0.0,0.556,0.37,0.62
WAS,2017,REG,0.0,16.0,25.0,10.0,15.0,10.0,1.0,614.0,209.0,93.0,43.0,100.0,2,2.0,0.0,0.0,0.0,1053,464,574,7.0,9.0,0.0,0.438,0.44,0.55
ARI,2018,REG,0.0,7.0,17.0,9.0,13.0,4.0,2.0,743.0,156.0,61.0,49.0,85.0,2,0.0,0.0,0.0,0.0,1073,502,556,3.0,13.0,0.0,0.188,0.47,0.52
ATL,2018,REG,0.0,15.0,17.0,3.0,8.0,9.0,2.0,650.0,190.0,50.0,37.0,74.0,2,0.0,0.0,0.0,0.0,1038,398,625,7.0,9.0,0.0,0.438,0.38,0.6
BAL,2018,POST,0.0,0.0,1.0,1.0,1.0,0.0,0.0,44.0,11.0,7.0,1.0,8.0,0,0.0,0.0,0.0,0.0,67,32,34,10.0,7.0,0.0,0.588,0.48,0.51
BAL,2018,REG,0.0,12.0,17.0,6.0,10.0,7.0,2.0,617.0,134.0,32.0,43.0,98.0,3,1.0,0.0,0.0,0.0,978,347,622,10.0,7.0,0.0,0.588,0.35,0.64
BUF,2018,REG,1.0,16.0,29.0,13.0,20.0,9.0,3.0,609.0,197.0,101.0,36.0,84.0,0,1.0,0.0,0.0,0.0,972,423,531,6.0,10.0,0.0,0.375,0.44,0.55
CAR,2018,REG,0.0,13.0,22.0,10.0,14.0,8.0,5.0,577.0,179.0,54.0,35.0,68.0,0,1.0,1.0,0.0,0.0,951,373,564,7.0,9.0,0.0,0.438,0.39,0.59
CHI,2018,POST,0.0,2.0,0.0,0.0,0.0,0.0,0.0,41.0,5.0,0.0,1.0,5.0,0,0.0,0.0,0.0,0.0,65,23,41,12.0,5.0,0.0,0.706,0.35,0.63
CHI,2018,REG,1.0,27.0,23.0,9.0,20.0,3.0,3.0,663.0,131.0,61.0,50.0,97.0,6,0.0,0.0,0.0,0.0,1012,339,669,12.0,5.0,0.0,0.706,0.33,0.66
CIN,2018,REG,0.0,12.0,15.0,7.0,9.0,6.0,0.0,682.0,188.0,34.0,34.0,81.0,5,0.0,0.0,0.0,0.0,1089,451,617,6.0,10.0,0.0,0.375,0.41,0.57
CLE,2018,REG,1.0,17.0,25.0,15.0,17.0,8.0,1.0,708.0,175.0,37.0,37.0,84.0,0,0.0,0.0,0.0,0.0,1126,448,662,7.0,9.0,0.0,0.438,0.4,0.59
DAL,2018,POST,0.0,0.0,1.0,0.0,0.0,1.0,0.0,76.0,28.0,11.0,1.0,4.0,0,0.0,0.0,0.0,0.0,130,72,55,11.0,7.0,0.0,0.611,0.55,0.42
DAL,2018,REG,0.0,9.0,20.0,11.0,14.0,6.0,2.0,631.0,173.0,50.0,39.0,93.0,1,0.0,0.0,0.0,0.0,983,391,579,11.0,7.0,0.0,0.611,0.4,0.59
DEN,2018,REG,0.0,17.0,18.0,9.0,13.0,5.0,2.0,648.0,175.0,49.0,44.0,88.0,2,0.0,0.0,0.0,0.0,1022,412,592,6.0,10.0,0.0,0.375,0.4,0.58
DET,2018,REG,0.0,7.0,13.0,5.0,9.0,4.0,0.0,641.0,127.0,44.0,43.0,76.0,2,0.0,0.0,0.0,0.0,947,390,543,6.0,10.0,0.0,0.375,0.41,0.57
GB,2018,REG,0.0,7.0,25.0,11.0,11.0,14.0,2.0,652.0,178.0,79.0,44.0,72.0,1,0.0,0.0,0.0,0.0,1020,430,572,6.0,10.0,0.0,0.375,0.42,0.56
HOU,2018,POST,0.0,1.0,0.0,0.0,0.0,0.0,0.0,37.0,11.0,2.0,0.0,4.0,0,0.0,0.0,0.0,0.0,67,32,32,11.0,6.0,0.0,0.647,0.48,0.48
HOU,2018,REG,0.0,15.0,24.0,12.0,21.0,3.0,2.0,673.0,163.0,45.0,43.0,88.0,4,0.0,0.0,0.0,0.0,1026,380,636,11.0,6.0,0.0,0.647,0.37,0.62
IND,2018,POST,0.0,1.0,2.0,1.0,1.0,1.0,0.0,84.0,29.0,7.0,7.0,14.0,0,0.0,0.0,0.0,0.0,146,49,97,11.0,7.0,0.0,0.611,0.34,0.66
IND,2018,REG,0.0,15.0,20.0,10.0,16.0,4.0,2.0,624.0,227.0,120.0,38.0,74.0,0,1.0,0.0,0.0,0.0,995,407,575,11.0,7.0,0.0,0.611,0.41,0.58
JAX,2018,REG,1.0,11.0,11.0,5.0,6.0,5.0,2.0,658.0,119.0,43.0,37.0,91.0,2,0.0,0.0,0.0,0.0,974,419,536,5.0,11.0,0.0,0.312,0.43,0.55
KC,2018,POST,0.0,2.0,2.0,1.0,2.0,0.0,0.0,89.0,30.0,2.0,3.0,6.0,0,0.0,0.0,0.0,0.0,147,61,85,13.0,5.0,0.0,0.722,0.41,0.58
KC,2018,REG,0.0,15.0,26.0,11.0,22.0,4.0,1.0,699.0,170.0,34.0,52.0,101.0,4,0.0,0.0,0.0,0.0,1120,420,692,13.0,5.0,0.0,0.722,0.38,0.62
LA,2018,POST,0.0,2.0,4.0,0.0,3.0,1.0,2.0,114.0,36.0,15.0,4.0,13.0,0,0.0,0.0,0.0,0.0,187,71,112,15.0,4.0,0.0,0.789,0.38,0.6
LA,2018,REG,2.0,18.0,16.0,13.0,13.0,3.0,0.0,602.0,182.0,89.0,41.0,99.0,4,0.0,0.0,0.0,0.0,962,380,575,15.0,4.0,0.0,0.789,0.4,0.6
LAC,2018,POST,0.0,1.0,5.0,3.0,2.0,3.0,0.0,85.0,30.0,8.0,7.0,11.0,0,0.0,0.0,0.0,0.0,137,55,78,13.0,5.0,0.0,0.722,0.4,0.57
LAC,2018,REG,0.0,13.0,19.0,9.0,8.0,12.0,1.0,634.0,197.0,71.0,38.0,78.0,2,1.0,1.0,0.0,0.0,987,391,585,13.0,5.0,0.0,0.722,0.4,0.59
LV,2018,REG,0.0,14.0,12.0,3.0,5.0,7.0,0.0,598.0,180.0,81.0,13.0,48.0,1,0.0,0.0,0.0,0.0,977,460,495,4.0,12.0,0.0,0.25,0.47,0.51
MIA,2018,REG,0.0,21.0,18.0,5.0,11.0,7.0,3.0,634.0,200.0,62.0,31.0,74.0,3,0.0,0.0,0.0,0.0,1026,467,540,7.0,9.0,0.0,0.438,0.46,0.53
MIN,2018,REG,0.0,12.0,18.0,7.0,8.0,10.0,2.0,653.0,164.0,47.0,50.0,88.0,3,0.0,0.0,0.0,0.0,998,432,555,9.0,7.0,0.0,0.562,0.43,0.56
NE,2018,POST,0.0,2.0,2.0,0.0,2.0,0.0,1.0,102.0,20.0,3.0,10.0,27.0,0,0.0,0.0,0.0,0.0,172,40,131,14.0,5.0,0.0,0.737,0.23,0.76
NE,2018,REG,0.0,18.0,19.0,11.0,12.0,7.0,2.0,603.0,187.0,26.0,30.0,96.0,2,0.0,0.0,0.0,0.0,1003,362,633,14.0,5.0,0.0,0.737,0.36,0.63
NO,2018,POST,0.0,3.0,1.0,0.0,0.0,1.0,0.0,64.0,26.0,13.0,1.0,10.0,0,0.0,0.0,0.0,0.0,115,41,73,14.0,4.0,0.0,0.778,0.36,0.63
NO,2018,REG,0.0,12.0,24.0,12.0,19.0,5.0,3.0,651.0,154.0,44.0,49.0,97.0,1,0.0,0.0,0.0,0.0,984,346,624,14.0,4.0,0.0,0.778,0.35,0.63
NYG,2018,REG,0.0,16.0,18.0,7.0,9.0,9.0,1.0,601.0,239.0,155.0,30.0,81.0,4,0.0,0.0,0.0,0.0,1039,428,587,5.0,11.0,0.0,0.312,0.41,0.56
NYJ,2018,REG,0.0,13.0,21.0,8.0,14.0,7.0,2.0,670.0,142.0,29.0,39.0,110.0,3,1.0,0.0,0.0,0.0,1065,423,624,4.0,12.0,0.0,0.25,0.4,0.59
PHI,2018,POST,0.0,1.0,2.0,0.0,1.0,1.0,0.0,93.0,17.0,5.0,4.0,9.0,0,0.0,0.0,0.0,0.0,135,48,84,10.0,8.0,0.0,0.556,0.36,0.62
PHI,2018,REG,0.0,10.0,24.0,7.0,13.0,12.0,2.0,639.0,146.0,65.0,44.0,126.0,0,0.0,0.0,0.0,0.0,1005,326,672,10.0,8.0,0.0,0.556,0.32,0.67
PIT,2018,REG,2.0,8.0,18.0,7.0,12.0,6.0,2.0,596.0,188.0,86.0,52.0,111.0,3,0.0,0.0,0.0,0.0,990,359,620,10.0,6.0,0.0,0.625,0.36,0.63
SEA,2018,POST,0.0,1.0,0.0,0.0,0.0,0.0,0.0,46.0,8.0,0.0,1.0,4.0,0,0.0,0.0,0.0,0.0,68,32,34,10.0,7.0,0.0,0.588,0.47,0.5
SEA,2018,REG,0.0,12.0,25.0,13.0,19.0,6.0,2.0,626.0,150.0,47.0,43.0,105.0,2,1.0,0.0,0.0,0.0,960,362,588,10.0,7.0,0.0,0.588,0.38,0.61
SF,2018,REG,1.0,2.0,25.0,6.0,11.0,14.0,3.0,623.0,171.0,98.0,37.0,89.0,1,0.0,0.0,0.0,0.0,1025,424,578,4.0,12.0,0.0,0.25,0.41,0.56
TB,2018,REG,0.0,9.0,16.0,6.0,11.0,5.0,4.0,689.0,135.0,72.0,38.0,90.0,1,0.0,0.0,0.0,0.0,1001,405,571,5.0,11.0,0.0,0.312,0.4,0.57
TEN,2018,REG,1.0,11.0,17.0,7.0,12.0,5.0,3.0,594.0,217.0,110.0,39.0,80.0,2,0.0,0.0,0.0,0.0,1001,417,569,9.0,7.0,0.0,0.562,0.42,0.57
WAS,2018,REG,0.0,15.0,25.0,10.0,18.0,7.0,2.0,603.0,194.0,89.0,46.0,91.0,1,0.0,0.0,0.0,0.0,1000,396,585,7.0,9.0,0.0,0.438,0.4,0.58
ARI,2019,REG,0.0,7.0,22.0,9.0,19.0,3.0,0.0,699.0,198.0,62.0,40.0,87.0,0,0.0,0.0,0.0,0.0,1083,430,639,5.0,11.0,0.0,0.312,0.4,0.59
ATL,2019,REG,0.0,12.0,26.0,9.0,19.0,7.0,5.0,586.0,226.0,49.0,28.0,66.0,3,1.0,0.0,0.0,0.0,989,408,563,7.0,9.0,0.0,0.438,0.41,0.57
BAL,2019,POST,0.0,0.0,0.0,0.0,0.0,0.0,0.0,34.0,8.0,0.0,1.0,4.0,0,0.0,0.0,0.0,0.0,53,35,16,14.0,3.0,0.0,0.824,0.66,0.3
BAL,2019,REG,1.0,13.0,21.0,12.0,15.0,8.0,1.0,580.0,152.0,41.0,37.0,108.0,6,0.0,0.0,0.0,0.0,926,333,585,14.0,3.0,0.0,0.824,0.36,0.63
BUF,2019,POST,0.0,0.0,2.0,1.0,1.0,1.0,0.0,41.0,17.0,6.0,7.0,12.0,0,0.0,0.0,0.0,0.0,67,33,33,10.0,7.0,0.0,0.588,0.49,0.49
BUF,2019,REG,1.0,14.0,21.0,8.0,15.0,7.0,2.0,585.0,215.0,117.0,44.0,89.0,0,0.0,0.0,0.0,0.0,989,375,599,10.0,7.0,0.0,0.588,0.38,0.61
CAR,2019,REG,2.0,14.0,16.0,8.0,9.0,7.0,0.0,633.0,173.0,27.0,53.0,103.0,1,1.0,0.0,0.0,0.0,1048,425,598,5.0,11.0,0.0,0.312,0.41,0.57
CHI,2019,REG,1.0,10.0,16.0,9.0,12.0,4.0,2.0,707.0,120.0,15.0,32.0,78.0,1,0.0,0.0,0.0,0.0,1021,404,604,8.0,8.0,0.0,0.5,0.4,0.59
CIN,2019,REG,1.0,11.0,14.0,7.0,10.0,4.0,2.0,619.0,206.0,33.0,31.0,84.0,0,0.0,0.0,0.0,0.0,1036,478,527,2.0,14.0,0.0,0.125,0.46,0.51
CLE,2019,REG,0.0,14.0,20.0,7.0,13.0,7.0,1.0,651.0,161.0,39.0,38.0,81.0,1,0.0,0.0,0.0,0.0,1009,441,545,6.0,10.0,0.0,0.375,0.44,0.54
DAL,2019,REG,0.0,7.0,15.0,10.0,13.0,2.0,0.0,634.0,184.0,27.0,39.0,88.0,1,0.0,0.0,0.0,0.0,1019,394,611,8.0,8.0,0.0,0.5,0.39,0.6
DEN,2019,REG,0.0,10.0,13.0,6.0,10.0,3.0,3.0,617.0,206.0,54.0,40.0,76.0,1,0.0,0.0,0.0,0.0,1007,420,576,7.0,9.0,0.0,0.438,0.42,0.57
DET,2019,REG,0.0,7.0,20.0,11.0,14.0,6.0,2.0,692.0,172.0,57.0,28.0,69.0,1,0.0,0.0,0.0,0.0,1097,435,641,4.0,12.0,0.0,0.25,0.4,0.58
GB,2019,POST,0.0,0.0,0.0,0.0,0.0,0.0,0.0,79.0,18.0,4.0,6.0,11.0,0,0.0,0.0,0.0,0.0,112,63,45,14.0,4.0,0.0,0.778,0.56,0.4
GB,2019,REG,0.0,17.0,19.0,9.0,14.0,6.0,2.0,622.0,172.0,44.0,41.0,88.0,0,0.0,0.0,0.0,0.0,1001,406,585,14.0,4.0,0.0,0.778,0.41,0.58
HOU,2019,POST,0.0,0.0,3.0,1.0,2.0,1.0,2.0,79.0,19.0,10.0,4.0,14.0,0,0.0,0.0,0.0,0.0,138,48,85,11.0,7.0,0.0,0.611,0.35,0.62
HOU,2019,REG,0.0,12.0,17.0,11.0,15.0,2.0,1.0,618.0,195.0,62.0,31.0,86.0,2,0.0,0.0,0.0,0.0,1023,393,615,11.0,7.0,0.0,0.611,0.38,0.6
IND,2019,REG,2.0,15.0,16.0,8.0,13.0,3.0,0.0,611.0,201.0,117.0,41.0,77.0,1,1.0,1.0,0.0,0.0,988,365,603,7.0,9.0,0.0,0.438,0.37,0.61
JAX,2019,REG,0.0,10.0,18.0,7.0,14.0,4.0,1.0,645.0,160.0,30.0,47.0,100.0,2,1.0,0.0,0.0,0.0,1001,416,565,6.0,10.0,0.0,0.375,0.42,0.56
KC,2019,POST,0.0,2.0,3.0,2.0,1.0,2.0,0.0,121.0,30.0,2.0,9.0,18.0,0,0.0,0.0,0.0,0.0,190,64,123,15.0,4.0,0.0,0.789,0.34,0.65
KC,2019,REG,0.0,16.0,19.0,7.0,14.0,5.0,1.0,663.0,179.0,38.0,45.0,95.0,3,1.0,1.0,0.0,0.0,1052,414,628,15.0,4.0,0.0,0.789,0.39,0.6
LA,2019,REG,1.0,13.0,21.0,10.0,13.0,8.0,0.0,603.0,231.0,87.0,50.0,87.0,3,0.0,0.0,0.0,0.0,1057,431,608,9.0,7.0,0.0,0.562,0.41,0.58
LAC,2019,REG,0.0,11.0,20.0,5.0,5.0,15.0,2.0,619.0,176.0,53.0,30.0,62.0,0,0.0,0.0,0.0,0.0,925,420,493,5.0,11.0,0.0,0.312,0.45,0.53
LV,2019,REG,0.0,9.0,14.0,5.0,9.0,5.0,1.0,618.0,155.0,70.0,32.0,61.0,2,0.0,0.0,0.0,0.0,963,390,558,7.0,9.0,0.0,0.438,0.4,0.58
MIA,2019,REG,1.0,13.0,20.0,4.0,10.0,11.0,4.0,599.0,230.0,55.0,23.0,62.0,1,0.0,0.0,0.0,0.0,1057,475,567,5.0,11.0,0.0,0.312,0.45,0.54
MIN,2019,POST,0.0,2.0,4.0,3.0,2.0,2.0,0.0,86.0,25.0,3.0,5.0,9.0,0,0.0,0.0,0.0,0.0,122,62,58,11.0,7.0,0.0,0.611,0.51,0.48
MIN,2019,REG,1.0,17.0,26.0,14.0,19.0,7.0,2.0,695.0,166.0,40.0,48.0,97.0,2,0.0,0.0,0.0,0.0,1057,400,652,11.0,7.0,0.0,0.611,0.38,0.62
NE,2019,POST,0.0,1.0,2.0,0.0,1.0,1.0,0.0,36.0,15.0,11.0,1.0,5.0,0,0.0,0.0,0.0,0.0,58,41,17,12.0,5.0,0.0,0.706,0.71,0.29
NE,2019,REG,1.0,25.0,22.0,9.0,15.0,7.0,3.0,548.0,198.0,117.0,47.0,95.0,6,0.0,0.0,0.0,0.0,948,353,581,12.0,5.0,0.0,0.706,0.37,0.61
NO,2019,POST,0.0,0.0,1.0,1.0,1.0,0.0,0.0,45.0,17.0,1.0,3.0,4.0,0,0.0,0.0,0.0,0.0,74,39,34,13.0,4.0,0.0,0.765,0.53,0.46
NO,2019,REG,1.0,13.0,17.0,10.0,11.0,6.0,0.0,646.0,136.0,31.0,51.0,106.0,3,0.0,0.0,0.0,0.0,1002,340,654,13.0,4.0,0.0,0.765,0.34,0.65
NYG,2019,REG,1.0,10.0,16.0,6.0,8.0,8.0,1.0,621.0,232.0,81.0,36.0,90.0,2,0.0,0.0,0.0,0.0,1061,451,591,4.0,12.0,0.0,0.25,0.43,0.56
NYJ,2019,REG,2.0,12.0,24.0,8.0,9.0,15.0,1.0,648.0,167.0,23.0,35.0,95.0,4,0.0,0.0,0.0,0.0,1043,400,622,7.0,9.0,0.0,0.438,0.38,0.6
PHI,2019,POST,0.0,0.0,2.0,0.0,1.0,1.0,0.0,32.0,9.0,2.0,1.0,11.0,0,0.0,0.0,0.0,0.0,57,23,31,9.0,8.0,0.0,0.529,0.4,0.54
PHI,2019,REG,0.0,11.0,21.0,11.0,16.0,6.0,1.0,600.0,140.0,21.0,43.0,101.0,3,0.0,0.0,0.0,0.0,971,346,615,9.0,8.0,0.0,0.529,0.36,0.63
PIT,2019,REG,0.0,20.0,35.0,18.0,23.0,12.0,4.0,642.0,228.0,124.0,54.0,111.0,3,0.0,0.0,0.0,0.0,1031,454,569,8.0,8.0,0.0,0.5,0.44,0.55
SEA,2019,POST,0.0,0.0,3.0,0.0,0.0,3.0,0.0,81.0,16.0,1.0,9.0,14.0,0,0.0,0.0,0.0,0.0,120,53,64,12.0,6.0,0.0,0.667,0.44,0.53
SEA,2019,REG,0.0,16.0,23.0,14.0,19.0,4.0,2.0,574.0,223.0,57.0,28.0,66.0,3,1.0,0.0,0.0,0.0,1022,383,627,12.0,6.0,0.0,0.667,0.37,0.61
SF,2019,POST,0.0,5.0,9.0,1.0,7.0,2.0,2.0,127.0,25.0,7.0,13.0,18.0,0,0.0,0.0,0.0,0.0,179,52,124,15.0,4.0,0.0,0.789,0.29,0.69
SF,2019,REG,0.0,12.0,23.0,13.0,20.0,3.0,2.0,647.0,166.0,51.0,48.0,89.0,5,0.0,0.0,0.0,0.0,974,402,568,15.0,4.0,0.0,0.789,0.41,0.58
TB,2019,REG,0.0,12.0,26.0,16.0,20.0,6.0,4.0,651.0,147.0,27.0,47.0,114.0,6,0.0,0.0,0.0,0.0,1080,350,718,7.0,9.0,0.0,0.438,0.32,0.66
TEN,2019,POST,0.0,3.0,3.0,2.0,2.0,2.0,0.0,131.0,27.0,8.0,6.0,17.0,1,0.0,0.0,0.0,0.0,216,76,137,11.0,8.0,0.0,0.579,0.35,0.63
TEN,2019,REG,1.0,14.0,17.0,10.0,11.0,6.0,2.0,610.0,241.0,106.0,43.0,82.0,3,0.0,0.0,0.0,0.0,1060,403,643,11.0,8.0,0.0,0.579,0.38,0.61
WAS,2019,REG,0.0,13.0,21.0,9.0,16.0,5.0,0.0,696.0,198.0,52.0,46.0,91.0,0,0.0,0.0,0.0,0.0,1081,481,586,3.0,13.0,0.0,0.188,0.44,0.54
ARI,2020,REG,1.0,11.0,17.0,8.0,13.0,4.0,2.0,698.0,172.0,55.0,48.0,99.0,0,0.0,0.0,0.0,0.0,1058,430,617,8.0,8.0,0.0,0.5,0.41,0.58
ATL,2020,REG,0.0,12.0,21.0,9.0,17.0,4.0,3.0,654.0,180.0,27.0,29.0,89.0,1,1.0,0.0,0.0,0.0,1038,369,651,4.0,12.0,0.0,0.25,0.36,0.63
BAL,2020,POST,0.0,1.0,1.0,0.0,1.0,0.0,0.0,59.0,19.0,10.0,3.0,8.0,0,0.0,0.0,0.0,0.0,104,34,66,12.0,6.0,0.0,0.667,0.33,0.63
BAL,2020,REG,2.0,10.0,28.0,11.0,23.0,5.0,6.0,628.0,194.0,43.0,39.0,114.0,3,0.0,0.0,0.0,0.0,1023,380,635,12.0,6.0,0.0,0.667,0.37,0.62
BUF,2020,POST,0.0,1.0,6.0,0.0,3.0,3.0,1.0,119.0,42.0,17.0,5.0,12.0,1,0.0,0.0,0.0,0.0,215,83,126,15.0,4.0,0.0,0.789,0.39,0.59
BUF,2020,REG,0.0,15.0,19.0,12.0,14.0,5.0,1.0,636.0,201.0,100.0,38.0,89.0,3,0.0,0.0,0.0,0.0,1032,413,613,15.0,4.0,0.0,0.789,0.4,0.59
CAR,2020,REG,0.0,7.0,19.0,13.0,13.0,6.0,3.0,579.0,211.0,20.0,29.0,86.0,2,0.0,0.0,0.0,0.0,1025,391,611,5.0,11.0,0.0,0.312,0.38,0.6
CHI,2020,POST,0.0,0.0,2.0,1.0,1.0,1.0,0.0,54.0,7.0,0.0,1.0,5.0,0,0.0,0.0,0.0,0.0,75,35,40,8.0,9.0,0.0,0.471,0.47,0.53
CHI,2020,REG,1.0,10.0,18.0,7.0,14.0,4.0,1.0,652.0,179.0,25.0,35.0,84.0,1,0.0,0.0,0.0,0.0,1021,423,579,8.0,9.0,0.0,0.471,0.41,0.57
CIN,2020,REG,0.0,11.0,14.0,7.0,11.0,3.0,4.0,587.0,212.0,31.0,17.0,72.0,0,1.0,0.0,0.0,0.0,1024,449,558,5.0,11.0,0.0,0.312,0.44,0.54
CLE,2020,POST,0.0,5.0,1.0,1.0,0.0,1.0,0.0,98.0,18.0,3.0,1.0,7.0,1,0.0,0.0,0.0,0.0,150,39,109,12.0,6.0,0.0,0.667,0.26,0.73
CLE,2020,REG,2.0,11.0,24.0,10.0,18.0,6.0,0.0,629.0,188.0,44.0,38.0,69.0,2,1.0,0.0,0.0,0.0,1044,405,623,12.0,6.0,0.0,0.667,0.39,0.6
DAL,2020,REG,0.0,10.0,19.0,12.0,14.0,5.0,4.0,647.0,202.0,21.0,31.0,72.0,2,0.0,0.0,0.0,0.0,1061,497,549,6.0,10.0,0.0,0.375,0.47,0.52
DEN,2020,REG,0.0,10.0,17.0,5.0,11.0,6.0,1.0,663.0,166.0,25.0,42.0,90.0,0,0.0,0.0,0.0,0.0,1046,420,611,5.0,11.0,0.0,0.312,0.4,0.58
DET,2020,REG,1.0,7.0,19.0,6.0,17.0,2.0,3.0,658.0,204.0,57.0,24.0,55.0,0,0.0,0.0,0.0,0.0,1074,465,584,5.0,11.0,0.0,0.312,0.43,0.54
GB,2020,POST,0.0,3.0,0.0,0.0,0.0,0.0,0.0,70.0,25.0,4.0,5.0,10.0,0,0.0,0.0,0.0,0.0,112,42,69,14.0,4.0,0.0,0.778,0.38,0.62
GB,2020,REG,1.0,11.0,15.0,8.0,13.0,2.0,0.0,615.0,183.0,53.0,41.0,77.0,2,0.0,0.0,0.0,0.0,977,396,576,14.0,4.0,0.0,0.778,0.41,0.59
HOU,2020,REG,0.0,3.0,13.0,8.0,11.0,2.0,1.0,651.0,225.0,80.0,34.0,80.0,1,0.0,0.0,0.0,0.0,1072,473,579,4.0,12.0,0.0,0.25,0.44,0.54
IND,2020,POST,0.0,0.0,1.0,0.0,1.0,0.0,0.0,35.0,13.0,7.0,2.0,5.0,0,0.0,0.0,0.0,0.0,58,21,37,11.0,6.0,0.0,0.647,0.36,0.64
IND,2020,REG,3.0,15.0,17.0,10.0,12.0,5.0,2.0,639.0,186.0,105.0,40.0,77.0,4,0.0,0.0,0.0,0.0,994,384,598,11.0,6.0,0.0,0.647,0.39,0.6
JAX,2020,REG,0.0,12.0,13.0,5.0,8.0,5.0,2.0,662.0,195.0,43.0,18.0,75.0,1,0.0,0.0,0.0,0.0,1070,489,552,1.0,15.0,0.0,0.062,0.46,0.52
KC,2020,POST,0.0,2.0,3.0,2.0,1.0,2.0,1.0,114.0,34.0,3.0,6.0,15.0,0,1.0,0.0,0.0,0.0,194,70,121,16.0,3.0,0.0,0.842,0.36,0.62
KC,2020,REG,2.0,16.0,16.0,7.0,12.0,4.0,7.0,660.0,155.0,16.0,32.0,97.0,2,0.0,0.0,0.0,0.0,1026,423,589,16.0,3.0,0.0,0.842,0.41,0.57
LA,2020,POST,0.0,1.0,1.0,0.0,1.0,0.0,0.0,69.0,28.0,6.0,5.0,11.0,1,0.0,0.0,0.0,0.0,131,58,70,11.0,7.0,0.0,0.611,0.44,0.53
LA,2020,REG,1.0,14.0,19.0,10.0,15.0,4.0,2.0,609.0,200.0,50.0,53.0,99.0,4,0.0,0.0,0.0,0.0,990,381,599,11.0,7.0,0.0,0.611,0.38,0.61
LAC,2020,REG,1.0,12.0,15.0,7.0,6.0,9.0,2.0,603.0,185.0,44.0,27.0,82.0,2,1.0,0.0,0.0,0.0,1002,418,570,7.0,9.0,0.0,0.438,0.42,0.57
LV,2020,REG,0.0,10.0,9.0,4.0,9.0,0.0,2.0,647.0,172.0,42.0,21.0,76.0,0,0.0,0.0,0.0,0.0,1045,426,603,8.0,8.0,0.0,0.5,0.41,0.58
MIA,2020,REG,0.0,18.0,22.0,11.0,17.0,5.0,2.0,598.0,207.0,58.0,41.0,95.0,2,0.0,0.0,0.0,0.0,998,399,584,10.0,6.0,0.0,0.625,0.4,0.59
MIN,2020,REG,1.0,15.0,18.0,5.0,11.0,7.0,3.0,608.0,223.0,44.0,23.0,65.0,0,0.0,0.0,0.0,0.0,1043,458,563,7.0,9.0,0.0,0.438,0.44,0.54
NE,2020,REG,0.0,18.0,11.0,4.0,5.0,6.0,0.0,580.0,238.0,124.0,24.0,63.0,2,0.0,0.0,0.0,0.0,984,449,518,7.0,9.0,0.0,0.438,0.46,0.53
NO,2020,POST,0.0,0.0,1.0,0.0,0.0,1.0,0.0,78.0,14.0,0.0,2.0,6.0,0,0.0,0.0,0.0,0.0,118,51,64,13.0,5.0,0.0,0.722,0.43,0.54
NO,2020,REG,0.0,18.0,17.0,7.0,8.0,9.0,2.0,627.0,155.0,15.0,45.0,110.0,1,0.0,0.0,0.0,0.0,996,381,605,13.0,5.0,0.0,0.722,0.38,0.61
NYG,2020,REG,0.0,11.0,23.0,9.0,13.0,10.0,2.0,629.0,233.0,60.0,40.0,104.0,2,0.0,0.0,0.0,0.0,1053,420,618,6.0,10.0,0.0,0.375,0.4,0.59
NYJ,2020,REG,1.0,10.0,21.0,9.0,17.0,4.0,2.0,639.0,216.0,67.0,31.0,80.0,1,0.0,0.0,0.0,0.0,1082,425,632,2.0,14.0,0.0,0.125,0.39,0.58
PHI,2020,REG,1.0,8.0,20.0,10.0,13.0,7.0,3.0,677.0,188.0,45.0,49.0,109.0,2,0.0,0.0,0.0,0.0,1061,460,577,4.0,12.0,0.0,0.25,0.43,0.54
PIT,2020,POST,0.0,0.0,0.0,0.0,0.0,0.0,0.0,34.0,14.0,7.0,0.0,0.0,0,0.0,0.0,0.0,0.0,65,28,34,12.0,5.0,0.0,0.706,0.43,0.52
PIT,2020,REG,1.0,18.0,19.0,10.0,13.0,6.0,1.0,632.0,174.0,74.0,56.0,132.0,3,0.0,0.0,0.0,0.0,999,409,582,12.0,5.0,0.0,0.706,0.41,0.58
SEA,2020,POST,0.0,0.0,1.0,1.0,1.0,0.0,0.0,43.0,14.0,4.0,3.0,7.0,0,0.0,0.0,0.0,0.0,71,41,28,12.0,5.0,0.0,0.706,0.58,0.39
SEA,2020,REG,3.0,14.0,18.0,8.0,13.0,5.0,3.0,701.0,181.0,27.0,46.0,105.0,0,0.0,0.0,0.0,0.0,1121,387,720,12.0,5.0,0.0,0.706,0.35,0.64
SF,2020,REG,0.0,12.0,22.0,10.0,13.0,9.0,2.0,615.0,178.0,45.0,30.0,70.0,1,0.0,0.0,0.0,0.0,999,410,567,6.0,10.0,0.0,0.375,0.41,0.57
TB,2020,POST,0.0,7.0,4.0,2.0,4.0,0.0,0.0,169.0,33.0,5.0,10.0,26.0,0,0.0,0.0,0.0,0.0,269,80,188,15.0,5.0,0.0,0.75,0.3,0.7
TB,2020,REG,1.0,15.0,19.0,10.0,15.0,4.0,1.0,658.0,168.0,31.0,48.0,115.0,1,0.0,0.0,0.0,0.0,1026,348,667,15.0,5.0,0.0,0.75,0.34,0.65
TEN,2020,POST,0.0,1.0,0.0,0.0,0.0,0.0,0.0,41.0,16.0,12.0,5.0,6.0,0,0.0,0.0,0.0,0.0,64,33,29,11.0,6.0,0.0,0.647,0.52,0.45
TEN,2020,REG,0.0,15.0,20.0,8.0,12.0,8.0,1.0,650.0,215.0,89.0,19.0,70.0,1,0.0,0.0,0.0,0.0,1084,422,653,11.0,6.0,0.0,0.647,0.39,0.6
WAS,2020,POST,0.0,0.0,2.0,1.0,2.0,0.0,0.0,36.0,14.0,1.0,3.0,7.0,0,0.0,0.0,0.0,0.0,73,27,43,7.0,10.0,0.0,0.412,0.37,0.59
WAS,2020,REG,1.0,16.0,23.0,10.0,15.0,9.0,2.0,610.0,180.0,25.0,47.0,93.0,4,0.0,0.0,0.0,0.0,1005,412,577,7.0,10.0,0.0,0.412,0.41,0.57
ARI,2021,POST,0.0,0.0,1.0,0.0,0.0,1.0,0.0,32.0,20.0,6.0,1.0,3.0,0,0.0,0.0,0.0,0.0,57,38,19,11.0,7.0,0.0,0.611,0.67,0.33
ARI,2021,REG,0.0,13.0,29.0,15.0,20.0,9.0,3.0,625.0,213.0,75.0,41.0,99.0,2,0.0,0.0,0.0,0.0,1031,422,603,11.0,7.0,0.0,0.611,0.41,0.58
ATL,2021,REG,0.0,12.0,20.0,8.0,12.0,8.0,1.0,626.0,286.0,91.0,18.0,58.0,2,0.0,0.0,0.0,0.0,1124,508,599,7.0,10.0,0.0,0.412,0.45,0.53
BAL,2021,REG,0.0,9.0,12.0,6.0,8.0,4.0,1.0,595.0,218.0,70.0,34.0,94.0,1,1.0,0.0,0.0,0.0,1038,366,657,8.0,9.0,0.0,0.471,0.35,0.63
BUF,2021,POST,0.0,2.0,1.0,0.0,1.0,0.0,0.0,76.0,33.0,19.0,5.0,9.0,0,0.0,0.0,0.0,0.0,134,47,86,12.0,7.0,0.0,0.632,0.35,0.64
BUF,2021,REG,1.0,19.0,23.0,9.0,12.0,11.0,0.0,603.0,219.0,119.0,42.0,87.0,1,0.0,0.0,0.0,0.0,1019,433,575,12.0,7.0,0.0,0.632,0.42,0.56
CAR,2021,REG,1.0,9.0,21.0,7.0,12.0,9.0,2.0,594.0,241.0,76.0,39.0,88.0,0,0.0,0.0,0.0,0.0,1037,454,557,5.0,12.0,0.0,0.294,0.44,0.54
CHI,2021,REG,1.0,8.0,19.0,8.0,12.0,7.0,2.0,615.0,228.0,76.0,49.0,77.0,1,0.0,0.0,0.0,0.0,1012,466,525,6.0,11.0,0.0,0.353,0.46,0.52
CIN,2021,POST,0.0,8.0,3.0,1.0,2.0,1.0,0.0,145.0,58.0,28.0,10.0,17.0,0,1.0,0.0,0.0,0.0,258,88,168,13.0,8.0,0.0,0.619,0.34,0.65
CIN,2021,REG,0.0,13.0,25.0,10.0,18.0,7.0,2.0,644.0,246.0,78.0,42.0,93.0,2,0.0,0.0,0.0,0.0,1079,400,669,13.0,8.0,0.0,0.619,0.37,0.62
CLE,2021,REG,0.0,13.0,22.0,5.0,11.0,11.0,1.0,606.0,255.0,109.0,43.0,94.0,2,0.0,0.0,0.0,0.0,1064,424,623,8.0,9.0,0.0,0.471,0.4,0.59
DAL,2021,POST,0.0,1.0,0.0,0.0,0.0,0.0,0.0,28.0,28.0,11.0,0.0,4.0,0,0.0,0.0,0.0,0.0,63,38,25,12.0,6.0,0.0,0.667,0.6,0.4
DAL,2021,REG,0.0,26.0,17.0,9.0,14.0,3.0,1.0,639.0,197.0,65.0,41.0,108.0,6,0.0,0.0,0.0,0.0,1089,417,658,12.0,6.0,0.0,0.667,0.38,0.6
DEN,2021,REG,0.0,13.0,12.0,7.0,6.0,6.0,0.0,587.0,218.0,60.0,36.0,79.0,1,0.0,0.0,0.0,0.0,1045,425,600,7.0,10.0,0.0,0.412,0.41,0.57
DET,2021,REG,0.0,11.0,16.0,8.0,10.0,6.0,0.0,626.0,259.0,89.0,30.0,60.0,0,0.0,0.0,0.0,0.0,1099,496,575,4.0,13.0,0.0,0.235,0.45,0.52
GB,2021,POST,0.0,1.0,0.0,0.0,0.0,0.0,0.0,35.0,15.0,11.0,4.0,7.0,0,0.0,0.0,0.0,0.0,52,29,23,13.0,5.0,0.0,0.722,0.56,0.44
GB,2021,REG,0.0,18.0,19.0,8.0,10.0,9.0,0.0,637.0,188.0,77.0,39.0,88.0,2,0.0,0.0,0.0,0.0,1042,385,645,13.0,5.0,0.0,0.722,0.37,0.62
HOU,2021,REG,1.0,17.0,22.0,7.0,16.0,6.0,3.0,629.0,279.0,121.0,32.0,68.0,1,0.0,0.0,0.0,0.0,1106,508,579,4.0,13.0,0.0,0.235,0.46,0.52
IND,2021,REG,1.0,19.0,27.0,16.0,18.0,10.0,1.0,634.0,237.0,135.0,33.0,82.0,1,0.0,0.0,0.0,0.0,1058,415,634,9.0,8.0,0.0,0.529,0.39,0.6
JAX,2021,REG,0.0,7.0,13.0,3.0,10.0,3.0,2.0,634.0,253.0,81.0,32.0,81.0,0,0.0,0.0,0.0,0.0,1070,480,575,3.0,14.0,0.0,0.176,0.45,0.54
KC,2021,POST,0.0,1.0,3.0,1.0,2.0,1.0,0.0,108.0,48.0,12.0,5.0,10.0,0,0.0,0.0,0.0,0.0,197,70,126,14.0,6.0,0.0,0.7,0.36,0.64
KC,2021,REG,0.0,15.0,23.0,13.0,19.0,4.0,2.0,635.0,216.0,57.0,31.0,86.0,4,1.0,0.0,0.0,0.0,1065,412,641,14.0,6.0,0.0,0.7,0.39,0.6
LA,2021,POST,0.0,4.0,1.0,1.0,1.0,0.0,0.0,124.0,55.0,24.0,12.0,24.0,1,0.0,0.0,0.0,0.0,236,70,163,16.0,5.0,0.0,0.762,0.3,0.69
LA,2021,REG,0.0,19.0,19.0,6.0,15.0,4.0,3.0,640.0,282.0,117.0,50.0,85.0,0,0.0,0.0,0.0,0.0,1122,439,672,16.0,5.0,0.0,0.762,0.39,0.6
LAC,2021,REG,0.0,11.0,22.0,10.0,20.0,2.0,3.0,629.0,262.0,102.0,35.0,86.0,1,0.0,0.0,0.0,0.0,1109,501,595,9.0,8.0,0.0,0.529,0.45,0.54
LV,2021,POST,0.0,0.0,1.0,0.0,0.0,1.0,0.0,30.0,21.0,6.0,2.0,5.0,0,0.0,0.0,0.0,0.0,61,23,36,10.0,8.0,0.0,0.556,0.38,0.59
LV,2021,REG,1.0,6.0,20.0,7.0,11.0,9.0,4.0,625.0,266.0,84.0,35.0,108.0,0,0.0,0.0,0.0,0.0,1108,452,642,10.0,8.0,0.0,0.556,0.41,0.58
MIA,2021,REG,0.0,14.0,24.0,14.0,15.0,9.0,3.0,577.0,256.0,113.0,48.0,121.0,5,0.0,0.0,0.0,0.0,1082,412,650,9.0,8.0,0.0,0.529,0.38,0.6
MIN,2021,REG,0.0,16.0,16.0,7.0,14.0,2.0,2.0,655.0,273.0,107.0,51.0,99.0,2,0.0,0.0,0.0,0.0,1158,469,678,8.0,9.0,0.0,0.471,0.41,0.59
NE,2021,POST,0.0,0.0,0.0,0.0,0.0,0.0,0.0,30.0,12.0,8.0,0.0,1.0,0,0.0,0.0,0.0,0.0,54,26,25,10.0,8.0,0.0,0.556,0.48,0.46
NE,2021,REG,0.0,23.0,15.0,8.0,10.0,5.0,2.0,584.0,276.0,144.0,36.0,82.0,3,0.0,0.0,0.0,0.0,1041,450,576,10.0,8.0,0.0,0.556,0.43,0.55
NO,2021,REG,0.0,18.0,16.0,7.0,13.0,3.0,1.0,657.0,214.0,57.0,46.0,110.0,2,0.0,0.0,0.0,0.0,1067,418,639,9.0,8.0,0.0,0.529,0.39,0.6
NYG,2021,REG,1.0,15.0,19.0,7.0,12.0,7.0,1.0,619.0,319.0,99.0,34.0,74.0,1,0.0,0.0,0.0,0.0,1138,483,643,4.0,13.0,0.0,0.235,0.42,0.57
NYJ,2021,REG,0.0,7.0,23.0,7.0,12.0,11.0,3.0,631.0,275.0,113.0,33.0,84.0,1,0.0,0.0,0.0,0.0,1149,506,620,4.0,13.0,0.0,0.235,0.44,0.54
PHI,2021,POST,0.0,0.0,2.0,1.0,0.0,2.0,0.0,41.0,24.0,8.0,4.0,4.0,0,0.0,0.0,0.0,0.0,72,31,41,9.0,9.0,0.0,0.5,0.43,0.57
PHI,2021,REG,0.0,12.0,16.0,4.0,12.0,4.0,1.0,610.0,290.0,65.0,29.0,80.0,5,0.0,0.0,0.0,0.0,1080,441,619,9.0,9.0,0.0,0.5,0.41,0.57
PIT,2021,POST,0.0,1.0,1.0,1.0,1.0,1.0,0.0,48.0,7.0,0.0,3.0,7.0,1,0.0,0.0,0.0,0.0,65,22,43,9.0,9.0,0.0,0.5,0.34,0.66
PIT,2021,REG,0.0,13.0,24.0,10.0,19.0,6.0,3.0,675.0,265.0,120.0,55.0,101.0,1,0.0,0.0,0.0,0.0,1118,489,619,9.0,9.0,0.0,0.5,0.44,0.55
SEA,2021,REG,1.0,11.0,19.0,7.0,9.0,11.0,3.0,667.0,331.0,159.0,34.0,87.0,0,1.0,1.0,0.0,0.0,1206,497,693,7.0,10.0,0.0,0.412,0.41,0.57
SF,2021,POST,0.0,2.0,4.0,1.0,3.0,1.0,1.0,116.0,42.0,19.0,12.0,26.0,0,0.0,0.0,0.0,0.0,200,67,128,12.0,8.0,0.0,0.6,0.34,0.64
SF,2021,REG,0.0,9.0,29.0,8.0,22.0,7.0,2.0,636.0,247.0,73.0,48.0,98.0,2,0.0,0.0,0.0,0.0,1037,431,595,12.0,8.0,0.0,0.6,0.42,0.57
TB,2021,POST,0.0,2.0,5.0,4.0,4.0,1.0,0.0,85.0,22.0,5.0,4.0,17.0,0,0.0,0.0,0.0,0.0,133,47,85,14.0,5.0,0.0,0.737,0.35,0.64
TB,2021,REG,0.0,17.0,22.0,11.0,15.0,7.0,1.0,692.0,188.0,60.0,47.0,123.0,2,0.0,0.0,0.0,0.0,1096,363,728,14.0,5.0,0.0,0.737,0.33,0.66
TEN,2021,POST,0.0,1.0,0.0,0.0,0.0,0.0,0.0,42.0,17.0,10.0,9.0,11.0,0,0.0,0.0,0.0,0.0,64,18,45,12.0,6.0,0.0,0.667,0.28,0.7
TEN,2021,REG,0.0,16.0,21.0,6.0,13.0,8.0,2.0,602.0,227.0,103.0,43.0,89.0,3,0.0,0.0,0.0,0.0,1043,363,675,12.0,6.0,0.0,0.667,0.35,0.65
WAS,2021,REG,0.0,11.0,19.0,8.0,9.0,10.0,3.0,589.0,255.0,83.0,38.0,99.0,2,0.0,0.0,0.0,0.0,1070,417,638,7.0,10.0,0.0,0.412,0.39,0.6
ARI,2022,REG,0.0,11.0,20.0,10.0,11.0,9.0,1.0,610.0,264.0,125.0,36.0,104.0,5,0.0,0.0,0.0,0.0,1077,429,631,4.0,13.0,0.0,0.235,0.4,0.59
ATL,2022,REG,1.0,10.0,12.0,8.0,9.0,4.0,0.0,557.0,314.0,106.0,21.0,66.0,2,0.0,0.0,0.0,0.0,1087,493,582,7.0,10.0,0.0,0.412,0.45,0.54
BAL,2022,POST,0.0,0.0,1.0,1.0,1.0,0.0,0.0,34.0,12.0,3.0,4.0,7.0,0,0.0,0.0,0.0,0.0,55,17,37,10.0,8.0,0.0,0.556,0.31,0.67
BAL,2022,REG,0.0,14.0,17.0,10.0,14.0,3.0,0.0,627.0,223.0,92.0,48.0,89.0,0,0.0,0.0,0.0,0.0,1050,397,642,10.0,8.0,0.0,0.556,0.38,0.61
BUF,2022,POST,0.0,2.0,1.0,0.0,0.0,1.0,0.0,70.0,28.0,17.0,5.0,14.0,0,0.0,0.0,0.0,0.0,141,52,86,14.0,4.0,0.0,0.778,0.37,0.61
BUF,2022,REG,2.0,17.0,22.0,10.0,10.0,12.0,0.0,598.0,226.0,120.0,40.0,93.0,1,0.0,0.0,0.0,0.0,1000,383,611,14.0,4.0,0.0,0.778,0.38,0.61
CAR,2022,REG,0.0,10.0,21.0,8.0,11.0,11.0,1.0,652.0,258.0,81.0,35.0,88.0,3,0.0,0.0,0.0,0.0,1107,475,615,7.0,10.0,0.0,0.412,0.43,0.56
CHI,2022,REG,0.0,14.0,22.0,9.0,10.0,12.0,2.0,615.0,251.0,123.0,20.0,42.0,0,0.0,0.0,0.0,0.0,1048,521,502,3.0,14.0,0.0,0.176,0.5,0.48
CIN,2022,POST,0.0,2.0,5.0,2.0,2.0,3.0,1.0,121.0,38.0,9.0,6.0,18.0,1,0.0,0.0,0.0,0.0,194,74,120,14.0,5.0,0.0,0.737,0.38,0.62
CIN,2022,REG,0.0,13.0,22.0,12.0,17.0,5.0,3.0,566.0,245.0,95.0,30.0,98.0,1,0.0,0.0,0.0,0.0,999,403,584,14.0,5.0,0.0,0.737,0.4,0.58
CLE,2022,REG,0.0,11.0,25.0,9.0,10.0,15.0,1.0,576.0,250.0,102.0,34.0,59.0,3,0.0,0.0,0.0,0.0,1044,470,555,7.0,10.0,0.0,0.412,0.45,0.53
DAL,2022,POST,0.0,1.0,2.0,0.0,1.0,1.0,1.0,70.0,35.0,13.0,4.0,11.0,0,0.0,0.0,0.0,0.0,145,44,101,13.0,6.0,0.0,0.684,0.3,0.7
DAL,2022,REG,0.0,16.0,28.0,18.0,20.0,8.0,1.0,691.0,213.0,68.0,54.0,109.0,3,0.0,0.0,0.0,0.0,1106,489,603,13.0,6.0,0.0,0.684,0.44,0.55
DEN,2022,REG,1.0,15.0,25.0,8.0,17.0,8.0,2.0,587.0,283.0,114.0,36.0,78.0,0,0.0,0.0,0.0,0.0,1082,425,641,5.0,12.0,0.0,0.294,0.39,0.59
DET,2022,REG,1.0,12.0,16.0,9.0,13.0,3.0,4.0,619.0,245.0,128.0,39.0,98.0,1,0.0,0.0,0.0,0.0,1082,464,604,9.0,8.0,0.0,0.529,0.43,0.56
GB,2022,REG,1.0,17.0,22.0,9.0,14.0,8.0,0.0,618.0,253.0,111.0,34.0,83.0,2,0.0,0.0,0.0,0.0,993,465,513,8.0,9.0,0.0,0.471,0.47,0.52
HOU,2022,REG,1.0,16.0,27.0,10.0,14.0,13.0,0.0,671.0,288.0,152.0,39.0,74.0,1,0.0,0.0,0.0,0.0,1136,554,560,3.0,14.0,0.0,0.176,0.49,0.49
IND,2022,REG,0.0,10.0,24.0,10.0,15.0,10.0,3.0,657.0,263.0,110.0,44.0,84.0,2,1.0,0.0,0.0,0.0,1099,493,588,5.0,12.0,0.0,0.294,0.45,0.54
JAX,2022,POST,0.0,0.0,2.0,1.0,0.0,2.0,0.0,65.0,39.0,11.0,3.0,15.0,0,0.0,0.0,0.0,0.0,136,50,83,10.0,9.0,0.0,0.526,0.37,0.61
JAX,2022,REG,0.0,14.0,20.0,13.0,17.0,3.0,2.0,645.0,270.0,106.0,35.0,107.0,4,0.0,0.0,0.0,0.0,1113,460,641,10.0,9.0,0.0,0.526,0.41,0.58
KC,2022,POST,0.0,3.0,3.0,2.0,1.0,2.0,1.0,131.0,26.0,5.0,9.0,20.0,1,0.0,0.0,0.0,0.0,196,69,126,17.0,3.0,0.0,0.85,0.35,0.64
KC,2022,REG,1.0,11.0,21.0,13.0,13.0,8.0,1.0,623.0,267.0,88.0,55.0,112.0,2,0.0,0.0,0.0,0.0,1096,408,676,17.0,3.0,0.0,0.85,0.37,0.62
LA,2022,REG,0.0,16.0,14.0,5.0,10.0,4.0,0.0,599.0,262.0,105.0,38.0,79.0,1,0.0,0.0,0.0,0.0,1052,445,593,5.0,12.0,0.0,0.294,0.42,0.56
LAC,2022,POST,0.0,4.0,0.0,0.0,0.0,0.0,0.0,42.0,14.0,4.0,2.0,4.0,0,0.0,0.0,0.0,0.0,71,22,49,10.0,8.0,0.0,0.556,0.31,0.69
LAC,2022,REG,1.0,14.0,16.0,7.0,13.0,3.0,1.0,565.0,240.0,109.0,40.0,77.0,1,0.0,0.0,0.0,0.0,1004,447,547,10.0,8.0,0.0,0.556,0.45,0.54
LV,2022,REG,0.0,6.0,15.0,7.0,9.0,6.0,1.0,616.0,257.0,96.0,27.0,88.0,3,0.0,0.0,0.0,0.0,1083,445,620,6.0,11.0,0.0,0.353,0.41,0.57
MIA,2022,POST,0.0,2.0,3.0,1.0,3.0,0.0,1.0,41.0,15.0,6.0,7.0,10.0,1,0.0,0.0,0.0,0.0,72,25,46,9.0,9.0,0.0,0.5,0.35,0.64
MIA,2022,REG,1.0,8.0,20.0,6.0,13.0,7.0,2.0,592.0,249.0,116.0,40.0,93.0,2,0.0,0.0,0.0,0.0,1091,402,665,9.0,9.0,0.0,0.5,0.37,0.61
MIN,2022,POST,0.0,0.0,2.0,0.0,2.0,0.0,1.0,39.0,11.0,5.0,3.0,4.0,0,0.0,0.0,0.0,0.0,68,26,38,13.0,5.0,0.0,0.722,0.38,0.56
MIN,2022,REG,0.0,15.0,19.0,8.0,12.0,7.0,0.0,683.0,239.0,118.0,38.0,85.0,1,0.0,0.0,0.0,0.0,1124,457,656,13.0,5.0,0.0,0.722,0.41,0.58
NE,2022,REG,0.0,19.0,21.0,8.0,13.0,8.0,4.0,602.0,295.0,132.0,54.0,88.0,7,0.0,0.0,0.0,0.0,1094,426,652,8.0,9.0,0.0,0.471,0.39,0.6
NO,2022,REG,0.0,7.0,15.0,7.0,10.0,5.0,0.0,619.0,246.0,88.0,48.0,76.0,1,0.0,0.0,0.0,0.0,1082,485,585,7.0,10.0,0.0,0.412,0.45,0.54
NYG,2022,POST,0.0,0.0,1.0,0.0,1.0,0.0,0.0,71.0,31.0,14.0,1.0,11.0,0,0.0,0.0,0.0,0.0,125,59,65,10.0,9.0,0.0,0.526,0.47,0.52
NYG,2022,REG,0.0,6.0,26.0,14.0,21.0,6.0,4.0,590.0,272.0,123.0,41.0,103.0,2,0.0,0.0,0.0,0.0,1079,457,607,10.0,9.0,0.0,0.526,0.42,0.56
NYJ,2022,REG,2.0,12.0,17.0,4.0,8.0,9.0,1.0,609.0,260.0,112.0,45.0,121.0,0,0.0,0.0,0.0,0.0,1093,477,601,7.0,10.0,0.0,0.412,0.44,0.55
PHI,2022,POST,0.0,1.0,5.0,3.0,3.0,2.0,0.0,100.0,26.0,6.0,8.0,19.0,0,0.0,0.0,0.0,0.0,150,68,80,16.0,4.0,0.0,0.8,0.45,0.53
PHI,2022,REG,0.0,17.0,23.0,10.0,15.0,8.0,2.0,662.0,225.0,82.0,70.0,115.0,2,0.0,0.0,0.0,0.0,1075,437,625,16.0,4.0,0.0,0.8,0.41,0.58
PIT,2022,REG,0.0,20.0,19.0,4.0,10.0,9.0,1.0,564.0,279.0,106.0,40.0,78.0,1,0.0,0.0,0.0,0.0,1026,428,580,9.0,8.0,0.0,0.529,0.42,0.57
SEA,2022,POST,0.0,0.0,0.0,0.0,0.0,0.0,0.0,36.0,12.0,7.0,1.0,3.0,0,0.0,0.0,0.0,0.0,65,32,32,9.0,9.0,0.0,0.5,0.49,0.49
SEA,2022,REG,0.0,14.0,24.0,11.0,18.0,6.0,2.0,660.0,249.0,114.0,45.0,96.0,1,0.0,0.0,0.0,0.0,1120,509,593,9.0,9.0,0.0,0.5,0.45,0.53
SF,2022,POST,0.0,3.0,2.0,2.0,2.0,0.0,0.0,129.0,38.0,9.0,5.0,8.0,0,0.0,0.0,0.0,0.0,194,89,103,15.0,5.0,0.0,0.75,0.46,0.53
SF,2022,REG,0.0,20.0,16.0,8.0,13.0,3.0,1.0,618.0,251.0,99.0,44.0,117.0,3,0.0,0.0,0.0,0.0,1029,378,639,15.0,5.0,0.0,0.75,0.37,0.62
TB,2022,POST,0.0,0.0,0.0,0.0,0.0,0.0,0.0,44.0,13.0,3.0,1.0,5.0,0,0.0,0.0,0.0,0.0,69,33,34,8.0,10.0,0.0,0.444,0.48,0.49
TB,2022,REG,0.0,10.0,24.0,11.0,13.0,11.0,3.0,636.0,243.0,92.0,45.0,100.0,1,0.0,0.0,0.0,0.0,1077,448,614,8.0,10.0,0.0,0.444,0.42,0.57
TEN,2022,REG,0.0,14.0,26.0,9.0,13.0,13.0,3.0,621.0,249.0,127.0,39.0,101.0,1,1.0,0.0,0.0,0.0,1107,379,713,7.0,10.0,0.0,0.412,0.34,0.64
WAS,2022,REG,1.0,9.0,12.0,6.0,7.0,5.0,2.0,564.0,236.0,78.0,43.0,107.0,3,1.0,0.0,0.0,0.0,999,428,555,9.0,8.0,0.0,0.529,0.43,0.56
ARI,2023,REG,0.0,11.0,8.0,5.0,4.0,4.0,1.0,602.0,268.0,126.0,33.0,55.0,1,0.0,0.0,0.0,0.0,1062,510,537,4.0,13.0,0.0,0.235,0.48,0.51
ATL,2023,REG,1.0,8.0,24.0,8.0,18.0,6.0,1.0,580.0,279.0,116.0,42.0,93.0,1,0.0,0.0,0.0,0.0,1092,479,593,7.0,10.0,0.0,0.412,0.44,0.54
BAL,2023,POST,0.0,0.0,3.0,0.0,2.0,1.0,1.0,63.0,34.0,11.0,2.0,12.0,0,0.0,0.0,0.0,0.0,120,42,74,14.0,5.0,0.0,0.737,0.35,0.62
BAL,2023,REG,1.0,18.0,19.0,10.0,15.0,4.0,0.0,624.0,242.0,110.0,60.0,114.0,1,0.0,0.0,0.0,0.0,1116,406,698,14.0,5.0,0.0,0.737,0.36,0.63
BUF,2023,POST,0.0,1.0,4.0,2.0,4.0,0.0,2.0,53.0,26.0,6.0,1.0,8.0,0,0.0,0.0,0.0,0.0,110,43,62,12.0,7.0,0.0,0.632,0.39,0.56
BUF,2023,REG,0.0,18.0,22.0,13.0,15.0,8.0,3.0,608.0,230.0,120.0,54.0,110.0,2,0.0,0.0,0.0,0.0,1020,401,606,12.0,7.0,0.0,0.632,0.39,0.59
CAR,2023,REG,0.0,8.0,11.0,2.0,5.0,6.0,0.0,536.0,278.0,111.0,27.0,72.0,2,0.0,0.0,0.0,0.0,1018,472,509,2.0,15.0,0.0,0.118,0.46,0.5
CHI,2023,REG,0.0,22.0,18.0,7.0,11.0,7.0,5.0,584.0,240.0,113.0,30.0,85.0,2,1.0,0.0,0.0,0.0,1040,379,650,7.0,10.0,0.0,0.412,0.36,0.62
CIN,2023,REG,0.0,17.0,16.0,8.0,12.0,5.0,1.0,598.0,263.0,115.0,44.0,104.0,1,0.0,0.0,0.0,0.0,1058,448,601,9.0,8.0,0.0,0.529,0.42,0.57
CLE,2023,POST,0.0,0.0,0.0,0.0,0.0,0.0,0.0,25.0,9.0,6.0,0.0,1.0,0,0.0,0.0,0.0,0.0,44,19,22,11.0,7.0,0.0,0.611,0.43,0.5
CLE,2023,REG,0.0,18.0,20.0,10.0,13.0,7.0,2.0,591.0,199.0,102.0,49.0,103.0,3,0.0,0.0,0.0,0.0,1006,407,584,11.0,7.0,0.0,0.611,0.4,0.58
DAL,2023,POST,0.0,0.0,0.0,0.0,0.0,0.0,0.0,27.0,15.0,5.0,0.0,3.0,0,0.0,0.0,0.0,0.0,54,32,21,12.0,6.0,0.0,0.667,0.59,0.39
DAL,2023,REG,1.0,17.0,20.0,10.0,14.0,6.0,1.0,545.0,246.0,107.0,46.0,93.0,6,0.0,0.0,0.0,0.0,1019,449,554,12.0,6.0,0.0,0.667,0.44,0.54
DEN,2023,REG,1.0,11.0,26.0,14.0,17.0,9.0,0.0,597.0,255.0,122.0,42.0,96.0,1,1.0,0.0,0.0,0.0,1087,458,614,8.0,9.0,0.0,0.471,0.42,0.56
DET,2023,POST,0.0,3.0,1.0,0.0,1.0,0.0,1.0,99.0,39.0,17.0,8.0,19.0,0,0.0,0.0,0.0,0.0,182,63,117,14.0,6.0,0.0,0.7,0.35,0.64
DET,2023,REG,1.0,16.0,15.0,7.0,12.0,3.0,3.0,614.0,216.0,89.0,41.0,115.0,1,1.0,0.0,0.0,0.0,1041,401,630,14.0,6.0,0.0,0.7,0.39,0.61
GB,2023,POST,0.0,2.0,0.0,0.0,0.0,0.0,0.0,88.0,32.0,9.0,5.0,14.0,1,0.0,0.0,0.0,0.0,155,50,103,10.0,9.0,0.0,0.526,0.32,0.66
GB,2023,REG,0.0,7.0,18.0,12.0,11.0,9.0,0.0,624.0,266.0,114.0,45.0,102.0,2,0.0,0.0,0.0,0.0,1066,484,568,10.0,9.0,0.0,0.526,0.45,0.53
HOU,2023,POST,0.0,2.0,0.0,0.0,0.0,0.0,0.0,87.0,27.0,14.0,7.0,12.0,2,0.0,0.0,0.0,0.0,137,62,75,11.0,8.0,0.0,0.579,0.45,0.55
HOU,2023,REG,0.0,14.0,19.0,8.0,14.0,5.0,3.0,616.0,289.0,133.0,46.0,108.0,1,0.0,0.0,0.0,0.0,1087,465,615,11.0,8.0,0.0,0.579,0.43,0.57
IND,2023,REG,1.0,15.0,25.0,11.0,17.0,9.0,2.0,648.0,270.0,135.0,51.0,100.0,4,0.0,0.0,0.0,0.0,1138,509,614,9.0,8.0,0.0,0.529,0.45,0.54
JAX,2023,REG,0.0,16.0,18.0,10.0,12.0,6.0,1.0,591.0,246.0,109.0,40.0,102.0,2,0.0,0.0,0.0,0.0,1080,403,658,9.0,8.0,0.0,0.529,0.37,0.61
KC,2023,POST,0.0,2.0,6.0,3.0,5.0,1.0,1.0,144.0,59.0,10.0,7.0,23.0,0,1.0,0.0,0.0,0.0,265,102,161,15.0,6.0,0.0,0.714,0.38,0.61
KC,2023,REG,0.0,8.0,26.0,11.0,16.0,10.0,5.0,635.0,204.0,86.0,57.0,119.0,2,0.0,0.0,0.0,0.0,1049,423,610,15.0,6.0,0.0,0.714,0.4,0.58
LA,2023,POST,0.0,0.0,1.0,0.0,1.0,0.0,0.0,29.0,15.0,2.0,3.0,5.0,0,0.0,0.0,0.0,0.0,55,22,30,10.0,8.0,0.0,0.556,0.4,0.55
LA,2023,REG,2.0,10.0,17.0,6.0,8.0,9.0,3.0,534.0,280.0,121.0,41.0,85.0,0,1.0,0.0,0.0,0.0,1085,417,646,10.0,8.0,0.0,0.556,0.38,0.6
LAC,2023,REG,0.0,9.0,22.0,11.0,14.0,8.0,1.0,637.0,228.0,116.0,48.0,86.0,0,0.0,0.0,0.0,0.0,1114,447,647,5.0,12.0,0.0,0.294,0.4,0.58
LV,2023,REG,1.0,13.0,17.0,8.0,13.0,4.0,1.0,624.0,269.0,111.0,46.0,87.0,5,0.0,0.0,0.0,0.0,1090,462,610,8.0,9.0,0.0,0.471,0.42,0.56
MIA,2023,POST,0.0,0.0,3.0,1.0,2.0,1.0,0.0,33.0,23.0,5.0,0.0,5.0,0,0.0,0.0,0.0,0.0,75,34,41,11.0,7.0,0.0,0.611,0.45,0.55
MIA,2023,REG,0.0,15.0,19.0,11.0,15.0,4.0,2.0,594.0,252.0,127.0,56.0,131.0,4,0.0,0.0,0.0,0.0,1059,415,626,11.0,7.0,0.0,0.611,0.39,0.59
MIN,2023,REG,0.0,11.0,25.0,11.0,23.0,2.0,3.0,638.0,279.0,124.0,43.0,87.0,2,1.0,0.0,0.0,0.0,1098,433,646,7.0,10.0,0.0,0.412,0.39,0.59
NE,2023,REG,1.0,10.0,26.0,7.0,17.0,9.0,5.0,608.0,267.0,118.0,36.0,75.0,1,0.0,0.0,0.0,0.0,1096,454,613,4.0,13.0,0.0,0.235,0.41,0.56
NO,2023,REG,0.0,18.0,14.0,11.0,9.0,5.0,0.0,567.0,262.0,100.0,34.0,72.0,2,1.0,0.0,0.0,0.0,1059,446,596,9.0,8.0,0.0,0.529,0.42,0.56
NYG,2023,REG,0.0,18.0,27.0,14.0,19.0,8.0,4.0,639.0,240.0,86.0,34.0,76.0,3,0.0,0.0,0.0,0.0,1093,468,614,6.0,11.0,0.0,0.353,0.43,0.56
NYJ,2023,REG,3.0,17.0,27.0,10.0,15.0,13.0,5.0,597.0,265.0,121.0,48.0,98.0,3,0.0,0.0,0.0,0.0,1089,506,567,7.0,10.0,0.0,0.412,0.46,0.52
PHI,2023,POST,0.0,0.0,1.0,0.0,0.0,1.0,0.0,38.0,15.0,5.0,4.0,5.0,0,0.0,0.0,0.0,0.0,69,29,40,11.0,7.0,0.0,0.611,0.42,0.58
PHI,2023,REG,1.0,9.0,19.0,8.0,14.0,5.0,1.0,642.0,222.0,73.0,43.0,99.0,3,0.0,0.0,0.0,0.0,1110,406,695,11.0,7.0,0.0,0.611,0.37,0.63
PIT,2023,POST,0.0,0.0,0.0,0.0,0.0,0.0,0.0,39.0,16.0,2.0,2.0,3.0,0,0.0,0.0,0.0,0.0,66,33,32,10.0,8.0,0.0,0.556,0.5,0.48
PIT,2023,REG,1.0,16.0,24.0,12.0,19.0,6.0,2.0,616.0,238.0,116.0,47.0,104.0,2,0.0,0.0,0.0,0.0,1080,448,617,10.0,8.0,0.0,0.556,0.41,0.57
SEA,2023,REG,0.0,11.0,17.0,10.0,13.0,4.0,2.0,652.0,289.0,117.0,47.0,95.0,3,0.0,0.0,0.0,0.0,1148,504,631,9.0,8.0,0.0,0.529,0.44,0.55
SF,2023,POST,0.0,3.0,8.0,3.0,4.0,4.0,0.0,121.0,47.0,17.0,5.0,18.0,0,0.0,0.0,0.0,0.0,214,86,127,14.0,6.0,0.0,0.7,0.4,0.59
SF,2023,REG,1.0,22.0,17.0,5.0,11.0,6.0,2.0,621.0,239.0,108.0,48.0,113.0,1,0.0,0.0,0.0,0.0,1044,363,671,14.0,6.0,0.0,0.7,0.35,0.64
TB,2023,POST,1.0,0.0,1.0,0.0,1.0,0.0,0.0,72.0,23.0,10.0,5.0,10.0,0,0.0,0.0,0.0,0.0,125,38,83,10.0,9.0,0.0,0.526,0.3,0.66
TB,2023,REG,1.0,13.0,27.0,13.0,19.0,8.0,4.0,618.0,253.0,109.0,48.0,83.0,1,1.0,0.0,0.0,0.0,1088,415,661,10.0,9.0,0.0,0.526,0.38,0.61
TEN,2023,REG,0.0,6.0,18.0,10.0,13.0,6.0,2.0,639.0,296.0,146.0,45.0,80.0,1,1.0,1.0,0.0,0.0,1098,471,618,6.0,11.0,0.0,0.353,0.43,0.56
WAS,2023,REG,0.0,8.0,16.0,10.0,10.0,7.0,2.0,624.0,262.0,105.0,39.0,79.0,0,0.0,0.0,0.0,0.0,1122,473,636,4.0,13.0,0.0,0.235,0.42,0.57
ARI,2024,REG,2.0,9.0,22.0,7.0,17.0,5.0,4.0,565.0,290.0,89.0,41.0,73.0,0,0.0,0.0,0.0,0.0,1046,453,579,8.0,9.0,0.0,0.471,0.43,0.55
ATL,2024,REG,1.0,12.0,16.0,5.0,12.0,4.0,3.0,616.0,258.0,67.0,31.0,73.0,3,0.0,0.0,0.0,0.0,1070,444,608,8.0,9.0,0.0,0.471,0.41,0.57
BAL,2024,POST,0.0,0.0,1.0,0.0,0.0,1.0,0.0,55.0,28.0,2.0,5.0,10.0,0,0.0,0.0,0.0,0.0,104,44,57,13.0,6.0,0.0,0.684,0.42,0.55
BAL,2024,REG,0.0,12.0,18.0,5.0,14.0,4.0,2.0,591.0,240.0,62.0,54.0,115.0,2,0.0,0.0,0.0,0.0,1069,374,684,13.0,6.0,0.0,0.684,0.35,0.64
BUF,2024,POST,0.0,1.0,4.0,3.0,3.0,1.0,0.0,104.0,34.0,3.0,6.0,16.0,0,0.0,0.0,0.0,0.0,165,78,83,15.0,5.0,0.0,0.75,0.47,0.5
BUF,2024,REG,1.0,16.0,28.0,15.0,18.0,10.0,0.0,605.0,269.0,104.0,39.0,92.0,3,0.0,0.0,0.0,0.0,1055,430,615,15.0,5.0,0.0,0.75,0.41,0.58
CAR,2024,REG,0.0,9.0,15.0,7.0,8.0,7.0,2.0,645.0,317.0,73.0,32.0,61.0,0,0.0,0.0,0.0,0.0,1159,573,563,5.0,12.0,0.0,0.294,0.49,0.49
CHI,2024,REG,0.0,11.0,21.0,14.0,15.0,6.0,0.0,577.0,276.0,112.0,40.0,97.0,1,0.0,0.0,0.0,0.0,1032,475,546,5.0,12.0,0.0,0.294,0.46,0.53
CIN,2024,REG,1.0,15.0,18.0,10.0,13.0,6.0,2.0,595.0,279.0,85.0,36.0,102.0,2,0.0,0.0,0.0,0.0,1091,468,607,9.0,8.0,0.0,0.529,0.43,0.56
CLE,2024,REG,1.0,4.0,18.0,10.0,13.0,5.0,0.0,583.0,254.0,113.0,41.0,105.0,1,0.0,0.0,0.0,0.0,1041,463,548,3.0,14.0,0.0,0.176,0.44,0.53
DAL,2024,REG,0.0,13.0,22.0,9.0,19.0,3.0,1.0,614.0,247.0,52.0,52.0,98.0,1,0.0,0.0,0.0,0.0,1049,465,564,7.0,10.0,0.0,0.412,0.44,0.54
DEN,2024,POST,0.0,0.0,0.0,0.0,0.0,0.0,0.0,47.0,16.0,1.0,2.0,4.0,0,0.0,0.0,0.0,0.0,73,41,29,10.0,8.0,0.0,0.556,0.56,0.4
DEN,2024,REG,2.0,15.0,18.0,9.0,12.0,6.0,1.0,608.0,273.0,86.0,63.0,134.0,5,0.0,0.0,0.0,0.0,1098,414,670,10.0,8.0,0.0,0.556,0.38,0.61
DET,2024,POST,0.0,0.0,1.0,0.0,1.0,0.0,1.0,48.0,9.0,2.0,0.0,2.0,0,0.0,0.0,0.0,0.0,73,40,31,15.0,3.0,0.0,0.833,0.55,0.42
DET,2024,REG,0.0,16.0,20.0,8.0,12.0,8.0,2.0,587.0,204.0,61.0,37.0,106.0,1,0.0,0.0,0.0,0.0,1020,364,649,15.0,3.0,0.0,0.833,0.36,0.64
GB,2024,POST,0.0,0.0,0.0,0.0,0.0,0.0,0.0,27.0,21.0,1.0,2.0,4.0,0,0.0,0.0,0.0,0.0,57,33,23,11.0,7.0,0.0,0.611,0.58,0.4
GB,2024,REG,0.0,17.0,28.0,13.0,18.0,10.0,4.0,612.0,257.0,83.0,45.0,87.0,1,0.0,0.0,0.0,0.0,1041,417,610,11.0,7.0,0.0,0.611,0.4,0.59
HOU,2024,POST,1.0,4.0,3.0,0.0,2.0,1.0,0.0,59.0,22.0,2.0,7.0,16.0,1,1.0,1.0,0.0,0.0,104,37,64,11.0,8.0,0.0,0.579,0.36,0.62
HOU,2024,REG,1.0,19.0,20.0,9.0,9.0,11.0,2.0,621.0,228.0,71.0,49.0,96.0,3,0.0,0.0,0.0,0.0,1055,441,605,11.0,8.0,0.0,0.579,0.42,0.57
IND,2024,REG,0.0,16.0,19.0,9.0,18.0,1.0,0.0,614.0,310.0,129.0,36.0,79.0,1,0.0,0.0,0.0,0.0,1117,518,581,8.0,9.0,0.0,0.471,0.46,0.52
JAX,2024,REG,0.0,6.0,9.0,3.0,6.0,3.0,0.0,643.0,251.0,68.0,34.0,66.0,1,0.0,0.0,0.0,0.0,1131,491,618,4.0,13.0,0.0,0.235,0.43,0.55
KC,2024,POST,0.0,1.0,5.0,0.0,4.0,1.0,0.0,129.0,42.0,2.0,12.0,25.0,0,0.0,0.0,0.0,0.0,205,103,98,17.0,3.0,0.0,0.85,0.5,0.48
KC,2024,REG,0.0,13.0,19.0,6.0,14.0,5.0,5.0,628.0,213.0,53.0,39.0,109.0,1,0.0,0.0,0.0,0.0,1028,413,606,17.0,3.0,0.0,0.85,0.4,0.59
LA,2024,POST,1.0,1.0,2.0,1.0,2.0,0.0,0.0,84.0,30.0,4.0,16.0,16.0,1,0.0,0.0,0.0,0.0,133,54,77,11.0,8.0,0.0,0.579,0.41,0.58
LA,2024,REG,1.0,13.0,14.0,6.0,10.0,4.0,2.0,557.0,290.0,93.0,38.0,69.0,3,2.0,0.0,0.0,0.0,1059,467,582,11.0,8.0,0.0,0.579,0.44,0.55
LAC,2024,POST,0.0,1.0,3.0,2.0,2.0,1.0,0.0,42.0,15.0,3.0,3.0,5.0,0,0.0,0.0,0.0,0.0,70,32,36,11.0,7.0,0.0,0.611,0.46,0.51
LAC,2024,REG,0.0,15.0,15.0,7.0,10.0,5.0,1.0,612.0,230.0,60.0,46.0,92.0,1,0.0,0.0,0.0,0.0,1039,414,613,11.0,7.0,0.0,0.611,0.4,0.59
LV,2024,REG,0.0,10.0,13.0,3.0,6.0,7.0,0.0,568.0,275.0,79.0,38.0,78.0,1,0.0,0.0,0.0,0.0,1057,436,595,4.0,13.0,0.0,0.235,0.41,0.56
MIA,2024,REG,0.0,10.0,14.0,7.0,8.0,6.0,0.0,556.0,244.0,67.0,35.0,78.0,0,0.0,0.0,0.0,0.0,1017,397,603,8.0,9.0,0.0,0.471,0.39,0.59
MIN,2024,POST,0.0,0.0,1.0,0.0,0.0,1.0,1.0,24.0,15.0,2.0,2.0,5.0,0,0.0,0.0,0.0,0.0,51,20,29,14.0,4.0,0.0,0.778,0.39,0.57
MIN,2024,REG,0.0,24.0,16.0,9.0,11.0,5.0,0.0,592.0,260.0,88.0,49.0,112.0,3,0.0,0.0,0.0,0.0,1084,386,688,14.0,4.0,0.0,0.778,0.36,0.63
NE,2024,REG,0.0,7.0,23.0,4.0,13.0,10.0,2.0,578.0,294.0,92.0,28.0,62.0,1,0.0,0.0,0.0,0.0,1072,497,563,4.0,13.0,0.0,0.235,0.46,0.53
NO,2024,REG,1.0,14.0,15.0,5.0,12.0,4.0,2.0,671.0,251.0,52.0,39.0,79.0,1,0.0,0.0,0.0,0.0,1125,472,632,5.0,12.0,0.0,0.294,0.42,0.56
NYG,2024,REG,0.0,5.0,21.0,10.0,15.0,6.0,4.0,572.0,304.0,89.0,45.0,88.0,0,0.0,0.0,0.0,0.0,1053,484,549,3.0,14.0,0.0,0.176,0.46,0.52
NYJ,2024,REG,0.0,7.0,25.0,11.0,15.0,10.0,4.0,625.0,248.0,86.0,43.0,79.0,0,1.0,0.0,0.0,0.0,1073,489,567,5.0,12.0,0.0,0.294,0.46,0.53
PHI,2024,POST,0.0,6.0,12.0,7.0,8.0,4.0,0.0,159.0,46.0,0.0,16.0,25.0,1,0.0,0.0,0.0,0.0,260,81,178,18.0,3.0,0.0,0.857,0.31,0.68
PHI,2024,REG,0.0,13.0,29.0,14.0,21.0,8.0,2.0,579.0,231.0,57.0,41.0,81.0,1,1.0,1.0,0.0,0.0,1007,411,587,18.0,3.0,0.0,0.857,0.41,0.58
PIT,2024,POST,0.0,0.0,0.0,0.0,0.0,0.0,0.0,44.0,19.0,3.0,1.0,1.0,0,0.0,0.0,0.0,0.0,72,49,21,10.0,8.0,0.0,0.556,0.68,0.29
PIT,2024,REG,0.0,17.0,22.0,13.0,19.0,3.0,0.0,606.0,256.0,71.0,40.0,103.0,1,0.0,0.0,0.0,0.0,1041,403,628,10.0,8.0,0.0,0.556,0.39,0.6
SEA,2024,REG,1.0,13.0,21.0,7.0,14.0,7.0,1.0,604.0,274.0,85.0,45.0,109.0,4,1.0,0.0,0.0,0.0,1070,441,615,10.0,7.0,0.0,0.588,0.41,0.57
SF,2024,REG,0.0,11.0,20.0,7.0,12.0,8.0,2.0,588.0,251.0,75.0,37.0,77.0,1,1.0,0.0,0.0,0.0,1035,464,554,6.0,11.0,0.0,0.353,0.45,0.54
TB,2024,POST,0.0,0.0,0.0,0.0,0.0,0.0,0.0,36.0,20.0,5.0,1.0,4.0,0,0.0,0.0,0.0,0.0,69,31,36,10.0,8.0,0.0,0.556,0.45,0.52
TB,2024,REG,1.0,7.0,25.0,9.0,16.0,9.0,6.0,613.0,228.0,72.0,46.0,111.0,1,0.0,0.0,0.0,0.0,1066,380,673,10.0,8.0,0.0,0.556,0.36,0.63
TEN,2024,REG,2.0,11.0,18.0,7.0,12.0,6.0,1.0,580.0,273.0,98.0,32.0,66.0,0,0.0,0.0,0.0,0.0,1010,493,505,3.0,14.0,0.0,0.176,0.49,0.5
WAS,2024,POST,0.0,4.0,2.0,2.0,1.0,1.0,0.0,107.0,40.0,2.0,5.0,11.0,1,0.0,0.0,0.0,0.0,179,83,91,14.0,6.0,0.0,0.7,0.46,0.51
WAS,2024,REG,0.0,7.0,27.0,12.0,17.0,10.0,0.0,604.0,272.0,68.0,43.0,83.0,1,0.0,0.0,0.0,0.0,1037,481,546,14.0,6.0,0.0,0.7,0.46,0.53
